2003-02-23,26,28,11,13,10,12,11
2003-02-27,9,4,26,21,19,20,12
2003-03-02,23,7,28,10,1,32,16
2003-03-06,13,4,7,25,6,10,3
2003-03-09,4,30,17,15,31,6,16
2003-03-13,1,10,27,26,21,3,6
2003-03-16,23,19,9,26,1,21,7
2003-03-20,9,8,17,23,14,5,8
2003-03-23,30,18,9,22,5,20,9
2003-03-27,1,17,24,8,2,13,13
2003-03-30,12,11,30,4,5,32,15
2003-04-03,17,2,12,16,27,30,12
2003-04-06,23,13,8,32,17,21,12
2003-04-10,3,21,7,31,8,5,2
2003-04-13,25,26,4,11,32,19,13
2003-04-17,30,33,11,17,28,31,6
2003-04-20,25,31,18,8,5,23,6
2003-04-24,16,20,5,19,25,28,13
2003-04-27,12,33,13,8,16,4,9
2003-05-01,26,25,27,32,10,7,4
2003-05-04,15,18,30,26,25,14,1
2003-05-08,14,2,32,11,7,12,8
2003-05-11,20,31,22,10,26,1,2
2003-05-15,15,2,30,17,22,7,14
2003-05-18,27,1,14,5,13,11,12
2003-05-22,31,26,13,8,29,15,16
2003-05-25,17,27,11,28,14,1,15
2003-05-29,13,32,16,20,6,28,7
2003-06-01,15,32,7,2,26,29,10
2003-06-05,27,23,6,13,2,14,7
2003-06-08,32,22,17,28,11,20,1
2003-06-12,25,27,4,29,30,11,13
2003-06-15,27,30,20,1,7,14,10
2003-06-19,8,25,16,23,13,14,14
2003-06-22,10,4,5,8,11,3,8
2003-06-26,27,24,21,7,25,28,15
2003-06-29,14,32,26,9,18,17,7
2003-07-03,8,7,24,5,25,27,16
2003-07-06,5,27,24,23,3,32,3
2003-07-10,23,14,4,5,12,6,16
2003-07-13,17,18,24,3,2,25,11
2003-07-17,20,5,10,15,3,7,7
2003-07-20,20,2,8,19,10,32,13
2003-07-24,16,33,32,9,5,2,15
2003-07-27,3,15,17,7,32,14,3
2003-07-31,11,10,7,8,17,26,11
2003-08-03,3,32,17,26,33,28,16
2003-08-07,31,28,30,20,12,10,9
2003-08-10,24,25,13,3,6,7,15
2003-08-14,24,23,26,2,17,8,13
2003-08-17,13,4,17,24,27,15,1
2003-08-21,1,30,12,13,31,23,11
2003-08-24,20,29,19,21,28,15,13
2003-08-28,9,2,33,21,31,5,12
2003-08-31,28,13,16,6,31,21,16
2003-09-04,17,8,28,29,21,26,7
2003-09-07,25,31,18,24,30,19,16
2003-09-11,11,32,33,16,9,28,2
2003-09-14,6,5,3,30,18,2,4
2003-09-18,6,28,4,17,2,21,11
2003-09-21,28,20,32,21,5,3,2
2003-09-25,12,6,1,20,19,32,14
2003-09-28,8,9,33,5,14,21,11
2003-10-02,4,30,6,15,8,12,1
2003-10-05,30,6,15,16,17,33,11
2003-10-09,32,20,7,3,8,24,14
2003-10-12,13,12,31,11,27,5,10
2003-10-16,27,9,25,32,19,33,11
2003-10-19,16,28,19,7,11,26,11
2003-10-23,17,2,1,18,4,19,8
2003-10-26,11,9,33,12,14,15,11
2003-10-30,27,3,19,6,8,11,11
2003-11-02,21,23,14,12,2,30,13
2003-11-06,32,12,2,22,19,27,1
2003-11-09,17,22,31,33,16,19,11
2003-11-13,13,18,29,20,1,16,2
2003-11-16,24,16,12,4,22,25,6
2003-11-20,26,23,30,12,29,7,11
2003-11-23,23,31,22,12,26,15,4
2003-11-27,24,28,20,9,30,25,10
2003-11-30,1,2,29,26,30,14,7
2003-12-04,18,30,31,7,17,19,14
2003-12-07,28,1,18,14,3,26,1
2003-12-11,7,17,10,2,6,33,3
2003-12-14,19,1,4,12,11,27,14
2003-12-18,18,30,16,5,26,12,13
2003-12-21,5,2,4,24,28,3,13
2003-12-25,10,21,24,3,33,22,12
2003-12-28,26,19,21,33,27,18,16
2004-01-01,7,2,3,25,1,10,7
2004-01-04,12,10,31,22,30,18,11
2004-01-08,6,3,5,26,33,17,8
2004-01-11,29,23,19,10,25,22,9
2004-01-15,17,9,16,13,18,11,7
2004-01-18,12,20,23,32,18,4,6
2004-01-29,25,12,17,28,20,4,9
2004-02-01,1,33,32,22,10,7,13
2004-02-05,16,10,9,24,1,22,11
2004-02-08,19,7,14,13,8,6,15
2004-02-12,28,13,4,1,23,30,3
2004-02-15,31,33,7,30,1,27,8
2004-02-19,21,29,14,12,30,32,13
2004-02-22,7,26,11,3,20,17,12
2004-02-26,22,23,1,5,18,3,13
2004-02-29,30,32,4,28,8,7,5
2004-03-04,15,31,25,12,14,5,9
2004-03-07,5,6,28,8,2,30,6
2004-03-11,11,24,32,23,5,10,4
2004-03-14,22,1,31,2,28,9,4
2004-03-18,26,5,9,27,17,11,10
2004-03-21,30,14,10,3,20,19,6
2004-03-25,30,14,19,1,8,17,3
2004-03-28,25,21,13,32,23,1,6
2004-04-01,33,10,8,29,24,7,4
2004-04-04,28,4,10,32,18,14,15
2004-04-08,5,32,1,9,10,18,11
2004-04-11,10,2,1,3,5,22,12
2004-04-15,13,32,22,24,20,9,5
2004-04-18,26,17,1,31,9,7,5
2004-04-22,21,24,19,6,20,3,11
2004-04-25,2,15,8,31,11,5,13
2004-04-29,4,9,8,20,1,19,1
2004-05-02,2,20,7,30,13,27,14
2004-05-06,8,30,27,32,26,2,16
2004-05-09,2,13,26,30,18,17,1
2004-05-13,26,4,11,17,20,3,5
2004-05-16,29,11,25,17,16,28,7
2004-05-20,29,25,18,16,10,26,3
2004-05-23,7,29,21,17,19,20,11
2004-05-27,17,25,29,22,10,8,14
2004-05-30,6,10,21,17,13,18,2
2004-06-03,9,10,24,21,4,22,10
2004-06-06,12,6,7,31,32,2,5
2004-06-10,26,1,18,27,12,28,13
2004-06-13,15,16,23,7,32,22,14
2004-06-17,8,27,31,11,1,7,6
2004-06-20,29,11,8,17,9,16,9
2004-06-24,14,11,25,12,29,16,9
2004-06-27,19,25,6,7,21,29,2
2004-07-01,29,10,15,9,2,3,11
2004-07-04,15,29,17,1,14,12,9
2004-07-08,25,4,2,9,24,3,2
2004-07-11,9,28,11,16,14,27,11
2004-07-15,32,25,8,19,6,29,7
2004-07-18,20,1,30,29,25,21,2
2004-07-22,25,23,28,5,32,21,4
2004-07-25,12,27,1,8,31,11,12
2004-07-29,11,23,4,26,7,19,10
2004-08-01,27,24,28,11,3,5,15
2004-08-05,16,23,19,13,33,20,9
2004-08-08,1,27,25,28,29,12,13
2004-08-12,16,7,28,13,10,27,7
2004-08-15,18,14,15,31,20,27,4
2004-08-19,13,14,32,29,33,27,8
2004-08-22,23,24,25,13,5,20,3
2004-08-24,6,1,13,32,16,7,4
2004-08-26,31,11,24,2,13,8,15
2004-08-29,2,20,29,22,11,15,5
2004-08-31,21,33,30,10,22,12,6
2004-09-02,21,3,8,16,17,29,6
2004-09-05,33,30,15,28,8,18,14
2004-09-07,16,7,23,28,2,13,16
2004-09-09,19,26,6,15,5,29,13
2004-09-12,27,7,21,18,26,28,7
2004-09-14,17,13,3,25,5,31,7
2004-09-16,8,10,9,26,14,16,7
2004-09-19,4,24,21,26,10,5,5
2004-09-21,13,30,7,14,19,17,3
2004-09-23,20,26,24,3,23,8,16
2004-09-26,3,24,5,32,21,27,6
2004-09-28,24,20,29,3,30,27,15
2004-09-30,16,33,28,14,30,27,6
2004-10-03,21,8,4,25,1,11,14
2004-10-05,29,11,8,32,3,30,1
2004-10-07,19,10,27,25,13,18,1
2004-10-10,26,8,25,3,1,7,14
2004-10-12,19,10,22,2,24,32,14
2004-10-14,14,25,17,28,30,20,14
2004-10-17,1,24,20,32,18,33,12
2004-10-19,33,13,14,30,21,9,1
2004-10-21,28,8,1,31,13,4,2
2004-10-24,11,33,32,14,27,20,5
2004-10-26,9,5,10,24,25,13,8
2004-10-28,22,19,28,32,30,27,1
2004-10-31,16,30,4,12,1,20,15
2004-11-02,26,31,10,29,20,19,14
2004-11-04,13,12,26,25,3,31,3
2004-11-07,10,22,5,33,26,21,2
2004-11-09,8,14,33,6,9,24,15
2004-11-11,26,2,25,9,14,19,15
2004-11-14,32,12,9,28,3,15,1
2004-11-16,5,2,9,21,16,3,2
2004-11-18,17,18,11,29,24,7,5
2004-11-21,9,21,7,23,10,30,12
2004-11-23,26,23,15,29,28,10,12
2004-11-25,20,18,1,8,13,12,7
2004-11-28,27,14,28,31,8,13,12
2004-11-30,17,8,10,6,31,30,14
2004-12-02,19,14,20,21,31,22,11
2004-12-05,31,26,18,20,16,11,2
2004-12-07,21,15,9,13,33,26,6
2004-12-09,8,32,10,25,31,23,7
2004-12-12,9,6,22,1,17,21,1
2004-12-14,20,33,16,30,2,31,1
2004-12-16,14,33,3,1,5,8,3
2004-12-19,25,3,14,24,7,1,7
2004-12-21,12,7,30,3,4,31,15
2004-12-23,20,25,6,18,9,33,6
2004-12-26,7,27,8,21,32,18,10
2004-12-28,32,30,18,7,13,16,10
2004-12-30,31,14,11,22,3,24,15
2005-01-02,8,27,28,23,1,7,14
2005-01-04,9,26,28,33,20,6,14
2005-01-06,22,12,19,31,15,9,16
2005-01-09,8,9,1,22,23,4,3
2005-01-11,28,9,20,26,33,5,15
2005-01-13,31,5,2,21,4,15,16
2005-01-16,33,7,20,17,15,23,15
2005-01-18,33,32,11,22,27,19,11
2005-01-20,31,2,29,22,17,27,14
2005-01-23,18,8,11,26,25,10,1
2005-01-25,9,13,15,30,11,22,15
2005-01-27,6,2,22,16,31,3,5
2005-01-30,20,7,24,19,8,16,6
2005-02-01,32,21,19,30,13,23,5
2005-02-03,4,9,8,16,29,17,15
2005-02-06,12,1,30,6,16,5,15
2005-02-08,25,10,31,27,2,6,3
2005-02-17,23,25,22,1,6,3,6
2005-02-20,12,6,11,19,13,22,8
2005-02-22,20,25,19,29,14,16,5
2005-02-24,31,24,26,30,6,2,16
2005-02-27,10,32,8,33,12,21,4
2005-03-01,19,20,21,10,25,15,12
2005-03-03,9,27,14,5,31,32,13
2005-03-06,32,7,13,10,11,1,7
2005-03-08,6,26,14,25,12,20,7
2005-03-10,3,1,32,6,21,4,15
2005-03-13,9,26,25,32,22,4,10
2005-03-15,2,14,21,22,30,27,14
2005-03-17,9,22,28,14,5,1,5
2005-03-20,16,20,32,10,4,23,7
2005-03-22,19,20,15,25,5,29,3
2005-03-24,8,7,20,12,14,19,7
2005-03-27,28,17,5,25,32,18,9
2005-03-29,21,28,29,30,16,12,14
2005-03-31,26,19,31,21,12,20,15
2005-04-03,32,7,14,24,22,12,16
2005-04-05,28,11,27,20,7,4,16
2005-04-07,16,21,2,19,29,18,9
2005-04-10,30,21,24,32,12,1,13
2005-04-12,16,23,11,29,24,2,3
2005-04-14,30,16,27,26,11,21,15
2005-04-17,4,5,8,7,32,6,5
2005-04-19,18,22,6,17,16,1,9
2005-04-21,18,7,15,10,1,20,10
2005-04-24,16,9,22,18,24,20,5
2005-04-26,7,5,2,3,8,27,15
2005-04-28,16,10,6,28,7,8,2
2005-05-01,2,3,8,27,10,25,12
2005-05-03,2,26,32,9,20,12,13
2005-05-05,21,14,20,3,19,6,2
2005-05-08,1,14,17,32,2,30,1
2005-05-10,4,7,14,29,27,10,9
2005-05-12,29,17,13,5,18,21,14
2005-05-15,30,5,32,22,20,33,9
2005-05-17,19,31,27,17,12,29,9
2005-05-19,6,5,15,10,30,31,13
2005-05-22,6,21,26,10,25,4,10
2005-05-24,24,7,11,18,14,29,7
2005-05-26,33,25,9,21,12,31,13
2005-05-29,9,24,23,14,21,5,1
2005-05-31,2,11,23,12,7,20,7
2005-06-02,18,30,2,13,22,11,4
2005-06-05,18,32,30,10,27,23,8
2005-06-07,12,16,21,17,23,22,16
2005-06-09,2,4,10,25,28,11,5
2005-06-12,16,26,21,3,20,12,16
2005-06-14,33,1,25,8,13,10,13
2005-06-16,33,7,31,24,9,21,12
2005-06-19,4,8,26,14,16,3,4
2005-06-21,8,16,14,12,4,22,10
2005-06-23,20,6,24,33,10,19,11
2005-06-26,1,9,6,8,18,20,1
2005-06-28,29,26,6,18,9,20,9
2005-06-30,16,18,11,13,31,14,14
2005-07-03,4,22,28,11,25,9,13
2005-07-05,22,17,33,24,8,32,16
2005-07-07,15,20,32,26,3,11,11
2005-07-10,24,28,25,3,9,20,5
2005-07-12,14,12,32,26,27,1,16
2005-07-14,10,2,30,26,12,4,3
2005-07-17,7,1,19,20,11,14,12
2005-07-19,5,16,9,3,14,30,13
2005-07-21,1,7,15,2,20,19,3
2005-07-24,22,14,8,13,9,20,12
2005-07-26,24,11,7,12,27,29,12
2005-07-28,23,15,16,8,9,26,8
2005-07-31,24,18,3,20,7,1,7
2005-08-02,5,26,19,31,23,20,12
2005-08-04,9,21,25,29,1,32,3
2005-08-07,27,12,26,15,11,1,13
2005-08-09,8,31,19,28,26,13,10
2005-08-11,23,6,29,25,17,4,14
2005-08-14,33,27,3,5,9,23,3
2005-08-16,12,28,9,29,18,21,5
2005-08-18,26,17,4,33,5,18,4
2005-08-21,28,10,5,27,30,23,15
2005-08-23,33,15,12,31,22,19,1
2005-08-25,16,13,31,10,24,22,9
2005-08-28,4,2,31,9,14,16,3
2005-08-30,22,9,19,21,16,24,12
2005-09-01,14,6,5,24,2,31,12
2005-09-04,4,18,30,16,23,7,7
2005-09-06,4,2,23,21,30,33,9
2005-09-08,23,15,32,4,33,30,3
2005-09-11,13,31,1,11,24,26,13
2005-09-13,9,25,26,24,10,20,11
2005-09-15,12,30,29,10,3,24,6
2005-09-18,31,3,17,15,5,13,4
2005-09-20,25,16,19,24,7,10,9
2005-09-22,7,29,3,19,16,15,9
2005-09-25,30,29,4,28,12,22,16
2005-09-27,26,18,27,22,20,15,3
2005-09-29,15,21,10,27,7,6,6
2005-10-02,33,18,3,12,23,30,2
2005-10-04,15,30,14,6,8,4,10
2005-10-06,28,22,27,6,17,32,3
2005-10-09,15,4,9,26,12,31,16
2005-10-11,1,20,11,18,22,7,2
2005-10-13,18,6,1,13,32,30,14
2005-10-16,32,31,7,25,1,20,12
2005-10-18,32,14,1,30,4,7,9
2005-10-20,13,18,12,25,11,17,7
2005-10-23,5,31,6,19,33,10,11
2005-10-25,6,31,14,18,32,28,3
2005-10-27,13,26,19,8,25,2,9
2005-10-30,4,25,11,23,6,14,12
2005-11-01,14,23,29,2,4,33,15
2005-11-03,14,20,10,27,5,33,3
2005-11-06,25,20,15,9,3,5,16
2005-11-08,2,12,7,10,11,24,3
2005-11-10,18,10,4,29,27,2,15
2005-11-13,18,14,7,1,25,16,11
2005-11-15,4,13,26,14,30,18,1
2005-11-17,13,1,15,5,25,21,11
2005-11-20,27,16,5,25,14,18,13
2005-11-22,9,23,33,25,15,3,12
2005-11-24,3,20,5,22,11,6,13
2005-11-27,2,33,7,23,20,32,10
2005-11-29,4,8,12,17,7,6,7
2005-12-01,3,16,19,5,12,8,15
2005-12-04,7,17,10,29,22,12,5
2005-12-06,10,17,32,3,15,20,8
2005-12-08,15,19,14,1,27,8,9
2005-12-11,20,28,7,3,17,8,15
2005-12-13,7,24,11,28,19,20,2
2005-12-15,7,28,6,15,30,27,10
2005-12-18,3,29,15,23,24,17,13
2005-12-20,16,11,25,23,21,32,7
2005-12-22,14,20,18,10,3,7,2
2005-12-25,19,4,13,12,30,11,5
2005-12-27,12,27,14,5,21,1,3
2005-12-29,7,4,5,21,26,29,1
2006-01-01,28,12,15,21,19,1,3
2006-01-03,13,28,7,21,26,16,9
2006-01-05,16,4,5,2,6,20,12
2006-01-08,4,8,17,27,31,28,7
2006-01-10,19,24,20,27,3,26,11
2006-01-12,32,22,8,26,21,23,14
2006-01-15,32,27,33,16,18,4,7
2006-01-17,18,28,5,3,32,9,16
2006-01-19,26,8,5,20,30,6,6
2006-01-22,4,29,6,19,12,27,8
2006-01-24,31,8,5,27,7,14,11
2006-01-26,31,9,11,33,13,27,10
2006-02-05,16,5,1,21,6,12,11
2006-02-07,32,33,14,29,6,26,7
2006-02-09,29,9,32,2,3,15,3
2006-02-12,1,7,17,23,30,13,16
2006-02-14,31,8,33,4,32,3,2
2006-02-16,17,26,24,14,1,13,5
2006-02-19,22,13,32,6,26,4,7
2006-02-21,26,21,23,5,29,9,6
2006-02-23,21,22,1,2,20,5,9
2006-02-26,4,3,16,13,27,2,13
2006-02-28,13,14,4,19,23,28,8
2006-03-02,2,11,27,9,7,21,6
2006-03-05,24,3,17,4,19,32,5
2006-03-07,2,1,32,29,22,18,3
2006-03-09,27,6,8,11,16,14,15
2006-03-12,14,7,27,16,17,5,4
2006-03-14,4,14,3,7,19,9,8
2006-03-16,32,20,15,8,13,17,14
2006-03-19,16,32,3,10,31,12,14
2006-03-21,24,20,26,18,5,31,9
2006-03-23,15,23,27,31,22,20,6
2006-03-26,33,16,10,2,17,15,13
2006-03-28,3,29,9,13,21,27,13
2006-03-30,10,7,4,17,16,21,9
2006-04-02,32,25,12,2,24,23,14
2006-04-04,19,2,17,30,22,14,10
2006-04-06,19,31,32,16,28,22,3
2006-04-09,25,15,26,28,33,22,3
2006-04-11,28,18,16,21,10,3,4
2006-04-13,26,3,28,16,31,23,11
2006-04-16,32,16,12,13,5,23,3
2006-04-18,10,21,2,18,30,31,5
2006-04-20,21,7,6,20,10,14,4
2006-04-23,32,18,29,31,13,23,8
2006-04-25,17,32,2,20,28,22,3
2006-04-27,19,29,32,25,9,13,12
2006-04-30,10,12,20,6,17,13,3
2006-05-02,15,31,25,12,6,2,7
2006-05-04,30,27,2,7,17,6,16
2006-05-07,27,32,26,24,30,11,3
2006-05-09,28,31,17,1,27,11,2
2006-05-11,3,10,7,5,28,30,4
2006-05-14,4,31,28,5,29,33,11
2006-05-16,13,25,21,11,23,15,8
2006-05-18,18,3,17,4,21,31,8
2006-05-21,12,24,22,1,25,23,14
2006-05-23,17,27,29,10,5,15,11
2006-05-25,30,19,15,32,5,23,14
2006-05-28,19,25,5,30,13,17,11
2006-05-30,30,18,24,26,22,23,1
2006-06-01,23,24,15,21,4,5,8
2006-06-04,28,3,12,24,21,14,11
2006-06-06,8,30,29,17,28,4,13
2006-06-08,18,33,11,6,30,8,5
2006-06-11,8,7,16,11,24,17,13
2006-06-13,10,30,14,33,3,7,10
2006-06-15,20,16,29,30,22,5,8
2006-06-18,13,20,3,11,2,27,2
2006-06-20,29,31,19,11,5,12,1
2006-06-22,20,21,3,2,5,24,8
2006-06-25,16,13,18,29,5,27,12
2006-06-27,19,3,33,1,25,15,4
2006-06-29,22,23,21,25,10,33,11
2006-07-02,32,29,17,21,4,10,14
2006-07-04,19,13,9,12,8,33,9
2006-07-06,5,22,17,33,31,3,12
2006-07-09,11,6,20,17,13,32,8
2006-07-11,26,22,15,29,17,20,9
2006-07-13,14,18,21,16,22,32,4
2006-07-16,15,3,13,28,29,23,9
2006-07-18,18,29,9,19,26,7,10
2006-07-20,12,17,21,25,28,1,12
2006-07-23,18,6,21,24,25,2,8
2006-07-25,6,10,4,31,26,24,6
2006-07-27,9,12,8,4,30,5,5
2006-07-30,25,3,11,24,20,26,1
2006-08-01,1,16,22,13,18,19,1
2006-08-03,20,2,11,15,23,29,11
2006-08-06,8,12,22,7,24,21,7
2006-08-08,8,2,20,21,16,11,14
2006-08-10,16,19,12,23,18,2,5
2006-08-13,17,18,33,16,24,15,13
2006-08-15,29,17,3,20,21,1,16
2006-08-17,33,9,18,13,5,1,14
2006-08-20,11,20,14,15,26,27,12
2006-08-22,10,6,7,11,18,23,16
2006-08-24,12,24,27,18,9,23,5
2006-08-27,32,30,26,18,1,11,3
2006-08-29,12,9,27,26,28,20,16
2006-08-31,19,20,24,13,1,4,11
2006-09-03,28,12,31,25,14,15,6
2006-09-05,7,3,22,28,31,27,11
2006-09-07,15,14,31,5,12,20,1
2006-09-10,2,28,12,19,14,33,10
2006-09-12,30,13,8,1,17,6,7
2006-09-14,8,6,30,24,2,20,9
2006-09-17,5,18,17,1,26,23,13
2006-09-19,14,33,18,12,9,27,13
2006-09-21,11,8,22,1,17,16,15
2006-09-24,13,33,31,15,4,9,11
2006-09-26,14,18,28,5,33,17,2
2006-09-28,29,27,8,20,14,10,16
2006-10-01,1,29,26,20,28,10,15
2006-10-03,33,21,32,22,5,16,9
2006-10-05,20,22,23,26,14,6,9
2006-10-08,1,7,8,3,30,10,5
2006-10-10,1,20,30,27,2,14,2
2006-10-12,8,15,6,24,33,14,9
2006-10-15,4,3,6,33,31,27,6
2006-10-17,24,6,5,22,8,4,3
2006-10-19,20,2,25,3,28,32,6
2006-10-22,31,18,13,32,14,12,13
2006-10-24,19,33,32,30,23,15,6
2006-10-26,2,16,24,33,8,13,9
2006-10-29,11,3,17,19,4,30,1
2006-10-31,30,21,33,15,31,4,5
2006-11-02,29,18,22,14,27,9,12
2006-11-05,12,32,30,22,1,21,2
2006-11-07,4,9,26,33,3,22,1
2006-11-09,26,33,14,6,30,22,1
2006-11-12,29,4,20,31,25,6,3
2006-11-14,13,30,28,26,18,10,12
2006-11-16,23,19,4,22,21,31,4
2006-11-19,15,24,22,21,11,17,5
2006-11-21,14,31,27,10,17,21,9
2006-11-23,4,11,9,26,17,18,8
2006-11-26,7,8,14,23,21,25,5
2006-11-28,23,8,18,1,19,11,5
2006-11-30,25,31,22,18,16,23,11
2006-12-03,27,10,26,22,16,19,16
2006-12-05,29,1,15,31,32,20,8
2006-12-07,22,4,29,13,10,16,6
2006-12-10,2,7,23,31,26,28,7
2006-12-12,28,23,30,9,3,13,5
2006-12-14,1,17,31,15,27,4,1
2006-12-17,8,12,13,23,29,4,1
2006-12-19,5,2,15,32,11,3,15
2006-12-21,27,25,9,18,8,12,12
2006-12-24,4,22,3,6,16,1,8
2006-12-26,1,20,25,31,14,27,15
2006-12-28,30,33,1,20,11,7,10
2006-12-31,7,18,14,30,20,33,13
2007-01-02,26,2,20,10,9,4,14
2007-01-04,22,20,6,14,21,5,1
2007-01-07,5,22,9,27,11,12,15
2007-01-09,25,3,33,7,10,13,10
2007-01-11,6,24,16,1,5,30,12
2007-01-14,27,14,6,22,26,10,11
2007-01-16,32,15,4,17,22,12,14
2007-01-18,4,25,18,5,19,1,10
2007-01-21,15,4,27,2,25,14,15
2007-01-23,32,30,17,8,14,3,5
2007-01-25,3,33,25,28,15,10,16
2007-01-28,5,3,28,21,26,7,4
2007-01-30,5,32,27,15,29,18,5
2007-02-01,24,13,16,1,20,26,9
2007-02-04,4,30,3,22,18,8,15
2007-02-06,18,1,22,20,26,33,5
2007-02-08,25,9,24,10,5,32,14
2007-02-11,26,21,20,1,12,18,11
2007-02-13,23,11,31,4,29,16,14
2007-02-15,20,5,31,10,28,16,14
2007-02-25,11,25,3,6,31,9,13
2007-02-27,7,10,27,2,18,4,10
2007-03-01,13,33,3,7,17,32,2
2007-03-04,27,25,9,17,32,8,6
2007-03-06,18,26,3,22,16,23,3
2007-03-08,16,4,29,14,26,1,10
2007-03-11,24,22,3,9,27,2,11
2007-03-13,3,20,13,30,8,29,11
2007-03-15,19,6,8,21,11,9,10
2007-03-18,30,16,27,22,3,21,4
2007-03-20,4,19,12,6,31,10,1
2007-03-22,8,16,32,24,4,30,16
2007-03-25,18,4,3,17,11,28,9
2007-03-27,14,2,9,12,25,23,16
2007-03-29,31,1,29,12,8,4,6
2007-04-01,3,21,23,14,30,31,10
2007-04-03,23,10,11,31,16,33,16
2007-04-05,11,30,21,3,14,19,5
2007-04-08,27,24,7,6,29,19,1
2007-04-10,19,30,14,13,24,15,10
2007-04-12,3,9,31,26,1,11,12
2007-04-15,19,3,32,16,13,33,8
2007-04-17,3,30,10,14,11,8,5
2007-04-19,9,24,21,20,13,32,8
2007-04-22,28,12,30,21,18,1,10
2007-04-24,6,19,26,9,7,2,14
2007-04-26,4,23,16,2,18,30,6
2007-04-29,2,12,11,17,28,15,12
2007-05-01,4,33,19,31,14,18,2
2007-05-03,25,13,18,5,1,8,2
2007-05-06,14,33,3,27,26,16,13
2007-05-08,3,2,8,7,26,29,7
2007-05-10,13,17,18,16,27,10,11
2007-05-13,28,16,18,23,3,1,5
2007-05-15,28,29,22,2,6,11,2
2007-05-17,32,21,31,14,17,29,12
2007-05-20,19,11,18,20,21,5,9
2007-05-22,25,8,10,7,13,27,7
2007-05-24,4,1,3,6,29,7,14
2007-05-27,29,8,19,1,2,16,5
2007-05-29,7,11,20,6,23,1,5
2007-05-31,30,8,17,20,33,29,9
2007-06-03,15,28,24,17,10,26,12
2007-06-05,21,9,2,23,6,16,16
2007-06-07,21,19,31,25,7,4,7
2007-06-10,32,33,11,24,16,5,8
2007-06-12,11,13,23,6,21,17,11
2007-06-14,23,18,19,11,28,22,1
2007-06-17,32,12,4,3,14,11,12
2007-06-19,18,30,15,6,17,8,12
2007-06-21,1,14,21,31,6,30,9
2007-06-24,4,13,14,33,2,8,16
2007-06-26,11,28,5,31,9,19,2
2007-06-28,28,13,27,25,15,8,3
2007-07-01,17,22,32,13,16,30,3
2007-07-03,6,16,15,12,20,31,2
2007-07-05,14,28,6,8,21,29,2
2007-07-08,7,23,4,6,25,32,1
2007-07-10,20,25,3,14,21,4,14
2007-07-12,18,8,29,16,1,19,4
2007-07-15,24,33,19,15,9,14,13
2007-07-17,32,17,5,15,25,18,15
2007-07-19,14,21,11,18,26,20,5
2007-07-22,14,20,12,6,27,10,10
2007-07-24,30,2,29,19,17,12,12
2007-07-26,8,5,29,27,22,14,16
2007-07-29,21,3,5,4,8,1,9
2007-07-31,28,2,33,4,10,29,6
2007-08-02,19,28,8,7,3,15,3
2007-08-05,30,31,27,5,13,11,2
2007-08-07,30,11,32,17,31,2,7
2007-08-09,24,14,23,18,22,33,9
2007-08-12,13,5,10,19,29,15,2
2007-08-14,19,3,24,18,5,32,2
2007-08-16,8,6,32,18,1,29,7
2007-08-19,32,22,10,9,20,30,8
2007-08-21,4,13,26,18,30,8,11
2007-08-23,3,2,19,11,5,20,12
2007-08-26,31,3,33,4,27,14,5
2007-08-28,18,27,29,30,32,8,6
2007-08-30,18,16,15,22,30,21,14
2007-09-02,18,8,33,6,4,20,11
2007-09-04,25,7,27,32,30,9,1
2007-09-06,20,8,12,14,32,2,4
2007-09-09,17,7,10,29,23,2,14
2007-09-11,12,18,21,24,25,29,8
2007-09-13,28,9,8,2,24,18,10
2007-09-16,33,12,7,20,13,3,2
2007-09-18,1,7,14,13,4,8,4
2007-09-20,7,4,15,28,2,24,3
2007-09-23,17,9,12,13,2,10,11
2007-09-25,16,7,32,14,25,11,11
2007-09-27,18,23,31,25,26,4,10
2007-09-30,27,12,15,5,33,24,5
2007-10-02,16,20,1,26,10,5,2
2007-10-04,11,5,7,27,17,3,13
2007-10-07,32,7,26,10,9,3,1
2007-10-09,32,18,4,25,16,10,15
2007-10-11,31,8,25,3,11,13,12
2007-10-14,12,7,18,11,6,25,1
2007-10-16,21,3,28,22,10,27,6
2007-10-18,7,4,32,24,26,19,9
2007-10-21,28,1,23,13,15,32,2
2007-10-23,19,3,32,7,13,16,16
2007-10-25,5,33,3,27,18,20,1
2007-10-28,31,26,10,19,9,23,9
2007-10-30,28,13,9,24,16,6,11
2007-11-01,27,21,31,19,10,9,5
2007-11-04,7,20,22,21,5,30,8
2007-11-06,5,9,31,27,3,11,4
2007-11-08,5,22,7,3,27,16,5
2007-11-11,22,23,1,21,9,16,5
2007-11-13,6,33,13,11,7,3,10
2007-11-15,1,10,4,18,13,25,15
2007-11-18,11,16,1,31,33,26,16
2007-11-20,25,1,18,2,21,29,14
2007-11-22,20,8,22,7,18,3,3
2007-11-25,25,17,19,3,2,15,16
2007-11-27,6,16,14,10,22,12,6
2007-11-29,1,5,22,26,16,21,11
2007-12-02,3,31,6,2,17,4,8
2007-12-04,30,25,20,26,11,27,8
2007-12-06,24,26,22,1,23,6,4
2007-12-09,8,28,14,32,25,23,16
2007-12-11,31,11,25,9,8,12,11
2007-12-13,18,4,30,24,22,26,9
2007-12-16,24,26,18,7,3,27,4
2007-12-18,28,3,17,16,23,9,7
2007-12-20,1,19,30,28,17,22,3
2007-12-23,13,11,3,5,24,19,5
2007-12-25,11,23,6,25,10,1,2
2007-12-27,30,17,21,29,11,33,8
2007-12-30,4,1,31,20,19,25,15
2008-01-01,14,29,4,9,7,2,3
2008-01-03,4,18,22,25,3,29,9
2008-01-06,17,8,6,13,11,19,12
2008-01-08,29,27,8,4,23,22,8
2008-01-10,3,24,25,22,15,5,15
2008-01-13,18,27,14,22,16,1,14
2008-01-15,30,22,13,17,23,1,11
2008-01-17,2,16,27,15,23,26,7
2008-01-20,21,31,32,9,30,29,16
2008-01-22,3,8,27,17,21,11,9
2008-01-24,17,14,30,21,32,2,3
2008-01-27,20,5,3,16,4,30,13
2008-01-29,28,8,2,15,16,22,10
2008-01-31,11,31,3,21,17,9,14
2008-02-03,33,8,6,29,11,16,3
2008-02-05,14,3,21,29,12,33,13
2008-02-14,20,22,2,7,17,5,2
2008-02-17,33,23,6,5,2,26,13
2008-02-19,31,9,11,2,17,27,5
2008-02-21,28,30,15,10,3,13,3
2008-02-24,12,26,20,28,19,9,15
2008-02-26,28,24,32,12,20,18,5
2008-02-28,18,25,32,8,16,26,2
2008-03-02,28,20,26,30,11,21,13
2008-03-04,17,8,21,19,16,18,14
2008-03-06,5,29,17,19,32,27,3
2008-03-09,18,23,24,26,19,15,13
2008-03-11,26,1,32,29,13,21,10
2008-03-13,9,1,14,22,29,32,12
2008-03-16,15,28,18,19,20,6,11
2008-03-18,6,31,21,3,11,15,13
2008-03-20,14,21,28,16,23,5,13
2008-03-23,18,30,33,12,17,31,4
2008-03-25,3,29,5,9,21,11,9
2008-03-27,18,7,29,14,11,17,16
2008-03-30,18,2,28,23,6,13,16
2008-04-01,1,22,12,31,24,28,6
2008-04-03,10,3,9,11,19,15,13
2008-04-06,7,13,1,10,22,29,1
2008-04-08,25,22,27,6,28,13,9
2008-04-10,27,22,20,23,11,8,4
2008-04-13,12,9,24,4,3,11,1
2008-04-15,33,16,22,10,27,3,14
2008-04-17,26,9,29,5,20,7,9
2008-04-20,21,10,32,13,1,29,4
2008-04-22,16,18,28,24,33,15,15
2008-04-24,14,22,13,12,9,20,10
2008-04-27,30,27,32,11,21,18,1
2008-04-29,13,3,10,25,12,19,4
2008-05-01,27,11,1,26,19,24,3
2008-05-04,4,8,1,13,10,33,11
2008-05-06,31,2,29,23,10,17,10
2008-05-08,21,12,19,20,6,27,4
2008-05-11,2,16,17,25,6,20,7
2008-05-13,26,16,23,11,19,31,4
2008-05-15,8,30,22,23,13,25,7
2008-05-18,28,20,30,21,19,26,8
2008-05-20,27,21,12,31,1,29,11
2008-05-22,6,15,2,32,29,31,16
2008-05-25,32,30,6,8,17,7,3
2008-05-27,2,5,12,1,31,26,6
2008-05-29,17,24,27,6,13,8,15
2008-06-01,14,9,5,17,11,16,15
2008-06-03,1,12,7,2,9,18,12
2008-06-05,13,30,19,31,15,5,5
2008-06-08,7,21,22,30,12,29,8
2008-06-10,19,11,10,26,33,15,13
2008-06-12,5,23,29,17,7,27,7
2008-06-15,8,5,26,17,20,30,10
2008-06-17,12,33,6,15,18,5,13
2008-06-19,21,1,26,27,6,28,9
2008-06-22,18,1,5,22,10,30,9
2008-06-24,22,13,28,33,9,1,8
2008-06-26,24,19,15,11,20,1,9
2008-06-29,18,22,1,14,30,8,3
2008-07-01,18,11,5,13,7,2,11
2008-07-03,30,26,4,12,33,22,9
2008-07-06,13,30,16,26,33,6,1
2008-07-08,32,5,20,4,3,10,9
2008-07-10,14,4,25,29,22,32,14
2008-07-13,25,31,18,13,12,2,4
2008-07-15,8,4,26,21,10,12,9
2008-07-17,9,29,7,8,18,32,9
2008-07-20,20,13,4,30,7,29,16
2008-07-22,24,1,20,12,4,29,15
2008-07-24,27,10,26,30,4,5,12
2008-07-27,30,1,29,31,7,26,6
2008-07-29,6,17,8,23,16,1,5
2008-07-31,22,27,3,16,11,6,11
2008-08-03,14,19,2,24,18,7,1
2008-08-05,31,23,3,12,14,32,10
2008-08-07,28,27,30,18,3,1,5
2008-08-10,26,16,4,10,12,28,7
2008-08-12,28,1,15,23,16,4,14
2008-08-14,8,14,21,29,28,3,3
2008-08-17,8,6,27,24,12,31,14
2008-08-19,6,16,17,3,8,9,13
2008-08-21,11,10,6,7,15,30,1
2008-08-24,24,23,22,15,16,10,7
2008-08-26,8,14,21,28,27,17,14
2008-08-28,26,17,21,30,9,28,4
2008-08-31,7,32,3,25,12,21,5
2008-09-02,22,12,33,16,1,18,4
2008-09-04,31,24,3,6,8,17,1
2008-09-07,27,19,5,17,28,32,2
2008-09-09,27,29,30,14,25,19,15
2008-09-11,13,22,32,18,27,6,4
2008-09-14,30,15,9,23,17,10,12
2008-09-16,28,7,4,16,21,9,10
2008-09-18,16,22,10,29,23,31,2
2008-09-21,21,18,17,31,25,32,6
2008-09-23,19,14,13,23,22,5,6
2008-09-25,6,10,22,9,12,17,9
2008-09-28,24,25,4,9,20,31,14
2008-09-30,18,13,17,2,12,14,6
2008-10-02,3,21,24,22,29,7,14
2008-10-05,3,33,5,7,10,14,7
2008-10-07,27,4,31,33,9,16,1
2008-10-09,9,5,7,29,24,15,7
2008-10-12,11,24,33,22,10,26,2
2008-10-14,27,2,22,31,23,32,6
2008-10-16,14,19,8,11,2,26,15
2008-10-19,10,16,15,29,25,11,2
2008-10-21,22,7,21,10,13,1,3
2008-10-23,15,26,11,29,10,12,9
2008-10-26,20,4,14,12,11,30,13
2008-10-28,5,8,30,22,19,27,13
2008-10-30,1,33,27,5,19,20,5
2008-11-02,1,24,18,32,3,25,15
2008-11-04,18,32,28,30,1,12,6
2008-11-06,32,2,22,18,12,15,8
2008-11-09,16,13,33,25,27,9,8
2008-11-11,26,24,8,19,11,16,11
2008-11-13,32,20,19,10,15,28,2
2008-11-16,21,15,16,14,5,19,15
2008-11-18,18,10,28,5,9,12,2
2008-11-20,4,29,1,33,24,28,9
2008-11-23,32,25,19,7,14,23,4
2008-11-25,19,8,23,25,9,26,7
2008-11-27,30,16,7,31,29,14,14
2008-11-30,25,13,3,20,29,33,15
2008-12-02,5,13,17,6,28,10,15
2008-12-04,18,26,19,12,17,27,6
2008-12-07,5,10,29,27,33,2,15
2008-12-09,22,29,18,13,7,26,2
2008-12-11,7,19,31,32,17,8,10
2008-12-14,33,22,8,26,7,14,2
2008-12-16,22,9,26,5,28,3,9
2008-12-18,14,29,28,33,22,10,2
2008-12-21,22,24,32,4,29,19,2
2008-12-23,10,17,8,14,6,19,6
2008-12-25,30,22,4,26,1,6,8
2008-12-28,30,18,24,1,21,4,16
2008-12-30,21,2,5,22,7,26,8
2009-01-01,4,24,21,31,23,30,4
2009-01-04,29,33,10,25,17,14,14
2009-01-06,3,25,15,30,6,2,2
2009-01-08,28,3,13,17,31,11,3
2009-01-11,15,1,17,8,21,3,13
2009-01-13,6,12,33,26,18,20,2
2009-01-15,25,1,26,12,23,5,15
2009-01-18,4,33,22,15,16,32,2
2009-01-20,30,31,33,8,21,15,2
2009-01-22,17,19,3,20,10,24,2
2009-02-01,18,23,4,14,2,13,15
2009-02-03,14,17,5,11,18,28,1
2009-02-05,8,21,9,4,27,26,9
2009-02-08,3,15,14,6,18,9,2
2009-02-10,15,4,32,17,6,2,5
2009-02-12,13,16,2,7,33,20,3
2009-02-15,26,15,25,14,19,6,8
2009-02-17,5,6,30,27,19,2,15
2009-02-19,26,17,19,27,6,20,4
2009-02-22,7,3,19,10,23,5,13
2009-02-24,24,5,17,1,4,27,9
2009-02-26,11,10,9,18,8,5,8
2009-03-01,1,15,7,24,6,30,8
2009-03-03,30,33,1,23,3,17,12
2009-03-05,20,26,23,22,10,33,11
2009-03-08,20,17,11,18,15,30,16
2009-03-10,27,7,16,32,2,11,6
2009-03-12,3,15,6,23,12,26,10
2009-03-15,15,13,23,22,29,12,13
2009-03-17,26,32,24,14,28,8,7
2009-03-19,3,1,30,2,33,15,1
2009-03-22,9,12,11,27,32,19,6
2009-03-24,8,13,7,30,14,29,6
2009-03-26,21,18,26,12,22,9,7
2009-03-29,29,26,31,15,6,21,5
2009-03-31,33,6,9,23,32,18,7
2009-04-02,18,20,15,6,31,2,3
2009-04-05,13,12,23,28,15,32,5
2009-04-07,27,12,14,15,21,5,3
2009-04-09,4,7,26,10,30,20,12
2009-04-12,28,23,26,1,8,33,8
2009-04-14,8,30,22,23,16,27,11
2009-04-16,26,10,18,4,15,9,7
2009-04-19,30,11,18,26,16,14,1
2009-04-21,32,4,30,23,3,6,1
2009-04-23,21,16,20,29,26,30,9
2009-04-26,11,6,22,21,15,8,16
2009-04-28,7,17,11,15,3,31,1
2009-04-30,30,12,14,9,20,31,6
2009-05-03,24,30,29,21,13,32,4
2009-05-05,10,16,23,6,13,21,7
2009-05-07,11,15,21,30,9,19,8
2009-05-10,19,28,12,7,22,18,4
2009-05-12,26,32,23,17,31,16,11
2009-05-14,29,24,4,3,22,18,11
2009-05-17,10,32,4,29,18,9,8
2009-05-19,10,25,7,5,14,17,11
2009-05-21,8,10,23,5,26,15,9
2009-05-24,3,7,27,23,30,13,11
2009-05-26,13,17,7,26,32,33,4
2009-05-28,16,13,11,19,10,30,3
2009-05-31,21,32,20,23,10,19,10
2009-06-02,5,32,30,11,26,2,16
2009-06-04,23,28,2,14,1,29,15
2009-06-07,33,8,30,22,20,12,2
2009-06-09,19,24,15,2,31,32,4
2009-06-11,4,10,30,28,16,23,5
2009-06-14,11,30,20,25,6,18,5
2009-06-16,12,23,3,18,21,5,2
2009-06-18,10,9,2,31,21,1,10
2009-06-21,26,4,5,32,31,23,6
2009-06-23,20,12,21,29,3,1,4
2009-06-25,16,9,18,27,17,22,14
2009-06-28,28,10,23,19,5,16,13
2009-06-30,13,20,1,30,17,15,5
2009-07-02,28,31,18,9,25,19,6
2009-07-05,32,1,9,14,28,16,16
2009-07-07,12,5,7,14,15,20,13
2009-07-09,2,9,16,30,21,31,13
2009-07-12,25,32,13,33,1,11,6
2009-07-14,4,30,6,25,29,5,3
2009-07-16,15,11,18,21,27,29,2
2009-07-19,18,24,8,2,28,12,4
2009-07-21,9,20,32,33,11,4,13
2009-07-23,20,4,12,17,8,30,3
2009-07-26,32,12,23,18,11,13,11
2009-07-28,13,11,6,28,20,32,6
2009-07-30,7,15,4,11,17,16,2
2009-08-02,2,32,19,7,11,3,4
2009-08-04,14,20,23,9,30,7,14
2009-08-06,14,8,25,11,3,29,4
2009-08-09,14,31,6,2,7,18,8
2009-08-11,32,1,20,33,31,11,1
2009-08-13,3,16,22,33,25,26,14
2009-08-16,14,28,33,9,8,31,15
2009-08-18,26,32,33,1,31,27,3
2009-08-20,28,13,32,26,24,7,14
2009-08-23,23,15,30,14,20,3,2
2009-08-25,25,20,8,18,9,29,9
2009-08-27,30,11,2,17,27,33,11
2009-08-30,1,10,24,2,5,19,14
2009-09-01,7,31,5,14,8,3,10
2009-09-03,24,23,11,20,17,6,9
2009-09-06,20,32,30,29,22,26,16
2009-09-08,10,16,2,27,30,8,15
2009-09-10,20,18,15,29,1,2,4
2009-09-13,7,28,23,8,20,29,5
2009-09-15,33,4,10,17,28,32,2
2009-09-17,14,7,5,6,25,28,1
2009-09-20,13,4,15,10,30,19,14
2009-09-22,25,4,15,14,7,2,15
2009-09-24,30,24,7,32,18,6,9
2009-09-27,20,25,28,12,29,4,16
2009-09-29,3,12,31,32,11,5,11
2009-10-01,2,15,19,24,9,13,3
2009-10-04,17,27,21,25,32,5,14
2009-10-06,9,5,21,15,31,26,13
2009-10-08,27,26,25,12,31,16,5
2009-10-11,10,12,7,6,15,21,5
2009-10-13,1,2,8,12,30,16,16
2009-10-15,6,2,30,10,4,25,9
2009-10-18,27,32,14,16,29,7,1
2009-10-20,20,13,22,25,28,9,14
2009-10-22,30,23,28,4,3,22,10
2009-10-25,22,26,27,7,6,8,12
2009-10-27,10,6,3,19,23,5,15
2009-10-29,2,12,11,16,14,15,4
2009-11-01,5,15,26,8,32,16,1
2009-11-03,6,25,16,17,7,24,7
2009-11-05,30,7,13,3,2,12,11
2009-11-08,32,25,26,33,23,16,5
2009-11-10,15,30,4,23,21,14,7
2009-11-12,13,5,9,32,20,18,1
2009-11-15,5,15,28,33,12,3,6
2009-11-17,30,14,1,3,33,19,16
2009-11-19,30,1,33,22,14,4,1
2009-11-22,17,14,21,8,15,12,1
2009-11-24,14,33,7,4,26,32,14
2009-11-26,29,27,17,5,1,15,2
2009-11-29,11,33,4,22,18,5,12
2009-12-01,31,29,13,21,2,28,9
2009-12-03,20,15,19,24,11,7,13
2009-12-06,9,28,23,5,11,17,10
2009-12-08,17,5,18,1,29,10,12
2009-12-10,11,33,26,3,5,15,11
2009-12-13,16,9,20,22,33,3,15
2009-12-15,8,6,32,10,22,18,16
2009-12-17,15,29,32,22,6,12,10
2009-12-20,16,18,3,29,22,1,4
2009-12-22,7,20,4,16,6,19,4
2009-12-24,6,25,10,30,8,16,14
2009-12-27,27,21,3,19,4,28,5
2009-12-29,25,7,8,6,20,21,10
2009-12-31,12,18,14,25,1,7,16
2010-01-03,27,32,29,7,17,18,13
2010-01-05,7,30,6,33,23,3,13
2010-01-07,14,27,22,28,26,31,4
2010-01-10,28,16,13,12,23,1,7
2010-01-12,18,17,5,8,6,3,14
2010-01-14,13,14,3,5,7,18,5
2010-01-17,22,33,28,14,30,27,14
2010-01-19,5,13,15,7,30,18,14
2010-01-21,21,13,9,24,32,1,6
2010-01-24,26,8,12,15,7,22,8
2010-01-26,8,7,30,24,14,22,7
2010-01-28,25,13,14,8,33,2,10
2010-01-31,3,2,16,1,18,23,12
2010-02-02,1,3,26,7,28,14,2
2010-02-04,21,23,28,16,4,1,6
2010-02-07,10,33,30,12,8,2,16
2010-02-09,6,1,23,12,11,3,11
2010-02-11,29,11,32,30,33,28,2
2010-02-21,27,24,2,22,26,10,6
2010-02-23,24,14,22,5,6,26,9
2010-02-25,19,25,17,9,16,2,4
2010-02-28,32,29,31,18,2,1,2
2010-03-02,11,2,9,22,24,27,11
2010-03-04,7,26,31,29,27,16,14
2010-03-07,5,7,13,4,25,10,11
2010-03-09,22,2,4,19,8,5,12
2010-03-11,15,25,3,4,30,26,13
2010-03-14,12,6,3,32,16,1,12
2010-03-16,5,1,16,14,22,17,3
2010-03-18,6,25,3,31,10,16,5
2010-03-21,7,25,5,13,28,24,4
2010-03-23,28,18,21,29,8,33,8
2010-03-25,8,12,11,25,29,10,9
2010-03-28,25,22,11,13,6,32,12
2010-03-30,21,18,10,9,11,19,10
2010-04-01,29,28,6,14,30,13,8
2010-04-04,3,19,21,16,24,26,6
2010-04-06,1,16,6,7,11,13,1
2010-04-08,8,25,17,32,23,21,12
2010-04-11,24,25,19,32,30,12,11
2010-04-13,3,29,25,13,5,19,12
2010-04-15,32,11,20,31,3,6,10
2010-04-18,19,22,33,10,4,28,4
2010-04-20,3,9,27,23,31,21,5
2010-04-22,20,2,13,29,3,4,1
2010-04-25,23,21,12,32,11,27,5
2010-04-27,13,20,32,21,3,10,15
2010-04-29,23,8,6,1,33,10,2
2010-05-02,6,10,27,1,28,26,2
2010-05-04,30,7,28,22,26,21,11
2010-05-06,28,27,17,23,32,4,3
2010-05-09,1,2,29,27,19,23,10
2010-05-11,28,24,27,30,3,22,14
2010-05-13,8,1,12,25,14,6,6
2010-05-16,13,20,3,2,19,23,8
2010-05-18,32,13,3,1,2,8,7
2010-05-20,12,25,11,5,32,19,5
2010-05-23,4,19,11,1,17,29,12
2010-05-25,18,1,11,12,9,30,10
2010-05-27,27,18,15,1,22,8,9
2010-05-30,2,22,4,26,19,16,12
2010-06-01,20,11,15,31,13,33,3
2010-06-03,6,2,23,17,24,10,3
2010-06-06,26,8,30,31,14,25,11
2010-06-08,32,30,17,2,8,7,12
2010-06-10,1,22,31,32,21,3,7
2010-06-13,1,14,21,7,10,25,1
2010-06-15,13,20,18,23,3,28,13
2010-06-17,14,32,24,22,12,20,11
2010-06-20,13,33,8,27,31,23,7
2010-06-22,14,13,26,5,20,17,1
2010-06-24,31,30,22,23,6,8,1
2010-06-27,16,23,20,1,27,31,2
2010-06-29,18,17,19,10,2,29,15
2010-07-01,22,5,13,9,15,12,14
2010-07-04,1,31,32,12,29,14,15
2010-07-06,21,8,14,20,24,2,9
2010-07-08,3,11,17,23,9,1,12
2010-07-11,18,14,11,22,8,12,2
2010-07-13,14,10,16,13,8,23,16
2010-07-15,24,27,3,2,26,9,5
2010-07-18,13,31,8,1,27,14,2
2010-07-20,20,2,22,23,31,21,12
2010-07-22,2,18,10,20,30,14,3
2010-07-25,27,12,24,1,13,8,8
2010-07-27,31,5,29,28,21,30,8
2010-07-29,8,25,1,16,30,17,10
2010-08-01,6,27,23,15,30,5,12
2010-08-03,23,8,16,26,7,9,1
2010-08-05,15,6,1,31,25,10,14
2010-08-08,13,20,24,22,16,6,16
2010-08-10,3,13,28,19,30,27,2
2010-08-12,33,28,10,32,9,19,6
2010-08-15,27,32,31,7,3,5,10
2010-08-17,27,11,9,25,17,16,14
2010-08-19,7,12,21,24,28,23,3
2010-08-22,18,16,24,26,21,10,1
2010-08-24,1,16,29,33,8,3,7
2010-08-26,30,24,27,3,4,17,6
2010-08-29,23,6,12,22,1,26,8
2010-08-31,18,26,25,4,9,21,6
2010-09-02,4,20,11,16,22,29,10
2010-09-05,20,33,9,6,14,17,9
2010-09-07,17,23,27,32,24,7,2
2010-09-09,19,8,21,1,9,31,11
2010-09-12,26,15,29,8,6,2,16
2010-09-14,8,15,22,12,17,33,16
2010-09-16,4,23,24,20,8,2,7
2010-09-19,25,18,32,15,29,4,15
2010-09-21,3,1,24,12,26,27,1
2010-09-23,17,4,18,7,8,13,10
2010-09-26,8,1,24,18,30,29,16
2010-09-28,5,18,20,15,28,10,10
2010-09-30,1,17,15,25,8,11,1
2010-10-03,22,1,24,29,33,25,15
2010-10-05,26,10,22,20,5,9,7
2010-10-07,8,24,28,1,22,20,1
2010-10-10,8,5,15,13,11,25,5
2010-10-12,31,25,27,30,17,7,9
2010-10-14,10,6,29,1,5,2,16
2010-10-17,8,30,18,13,25,11,15
2010-10-19,12,16,25,27,9,2,6
2010-10-21,18,29,6,32,12,15,10
2010-10-24,6,8,12,11,25,2,2
2010-10-26,23,28,7,13,6,29,9
2010-10-28,28,3,13,18,27,20,5
2010-10-31,17,4,25,8,33,1,1
2010-11-02,28,4,24,19,11,20,12
2010-11-04,32,14,4,8,28,25,16
2010-11-07,31,7,2,1,15,21,16
2010-11-09,15,16,6,26,5,19,6
2010-11-11,12,10,2,33,18,24,15
2010-11-14,32,17,9,3,21,26,1
2010-11-16,27,16,15,22,28,9,6
2010-11-18,4,10,13,26,30,25,10
2010-11-21,26,10,24,4,33,23,10
2010-11-23,33,13,9,19,10,7,6
2010-11-25,1,26,24,23,30,21,5
2010-11-28,26,18,11,31,20,13,9
2010-11-30,29,18,1,12,26,13,15
2010-12-02,23,3,7,2,27,18,6
2010-12-05,2,16,26,27,23,18,10
2010-12-07,16,30,9,18,26,31,14
2010-12-09,21,15,19,2,3,8,11
2010-12-12,27,3,31,24,21,28,8
2010-12-14,22,25,18,32,17,1,1
2010-12-16,8,30,18,24,2,15,3
2010-12-19,18,23,7,3,27,1,12
2010-12-21,7,25,16,2,8,30,9
2010-12-23,18,30,17,23,2,29,6
2010-12-26,2,13,14,17,19,26,14
2010-12-28,21,4,9,17,25,31,1
2010-12-30,6,30,19,3,12,31,13
2011-01-02,26,3,32,9,24,20,10
2011-01-04,28,6,17,12,8,33,5
2011-01-06,27,13,21,14,22,23,4
2011-01-09,13,6,26,10,8,4,5
2011-01-11,9,12,14,20,22,6,13
2011-01-13,1,13,18,3,5,16,5
2011-01-16,9,17,1,24,31,26,5
2011-01-18,31,24,10,12,13,17,15
2011-01-20,17,18,26,23,25,24,4
2011-01-23,15,9,1,19,4,5,13
2011-01-25,18,19,24,12,1,21,10
2011-01-27,11,26,7,13,8,15,13
2011-01-30,3,22,1,13,16,21,8
2011-02-01,26,7,23,5,11,10,16
2011-02-10,26,29,3,13,6,27,7
2011-02-13,17,16,22,3,4,29,13
2011-02-15,23,6,26,33,15,2,8
2011-02-17,15,28,30,13,33,18,1
2011-02-20,12,19,32,2,4,33,16
2011-02-22,19,16,24,17,30,12,5
2011-02-24,31,18,2,25,14,1,8
2011-02-27,16,21,2,17,7,14,5
2011-03-01,3,6,2,21,22,25,5
2011-03-03,31,10,19,26,5,7,14
2011-03-06,25,31,26,32,8,33,9
2011-03-08,19,17,8,26,7,21,12
2011-03-10,26,21,13,25,18,22,1
2011-03-13,16,5,17,14,4,1,1
2011-03-15,10,1,31,4,20,9,7
2011-03-17,9,33,25,24,19,2,10
2011-03-20,29,28,24,32,17,16,12
2011-03-22,5,15,14,7,13,3,15
2011-03-24,8,13,29,12,19,2,4
2011-03-27,13,19,31,24,17,14,8
2011-03-29,18,13,27,31,20,14,2
2011-03-31,24,2,22,20,11,31,5
2011-04-03,6,25,4,3,17,1,11
2011-04-05,2,23,24,19,15,14,12
2011-04-07,3,10,24,16,7,29,13
2011-04-10,11,5,28,14,24,26,13
2011-04-12,13,12,10,4,32,30,13
2011-04-14,13,19,5,17,15,21,15
2011-04-17,25,14,31,4,13,17,4
2011-04-19,16,27,26,31,14,3,9
2011-04-21,17,32,26,16,20,2,8
2011-04-24,30,29,17,18,9,26,8
2011-04-26,13,25,23,4,33,27,14
2011-04-28,18,10,25,14,26,27,15
2011-05-01,31,11,1,27,17,18,14
2011-05-03,19,28,5,22,4,29,15
2011-05-05,11,1,16,7,14,15,14
2011-05-08,5,19,28,4,8,27,8
2011-05-10,22,3,30,12,6,10,15
2011-05-12,22,33,8,17,16,11,8
2011-05-15,29,13,17,16,8,32,16
2011-05-17,16,25,20,23,19,13,10
2011-05-19,33,21,6,4,26,20,2
2011-05-22,32,18,7,30,22,33,6
2011-05-24,29,27,33,31,24,26,16
2011-05-26,27,10,21,11,31,13,1
2011-05-29,19,3,8,21,2,13,3
2011-05-31,4,29,10,8,9,30,3
2011-06-02,19,15,18,13,4,6,5
2011-06-05,6,29,30,7,3,33,2
2011-06-07,16,29,25,4,27,23,3
2011-06-09,30,14,32,4,17,6,12
2011-06-12,24,19,27,17,20,25,12
2011-06-14,15,10,19,24,3,7,10
2011-06-16,30,24,2,18,13,16,12
2011-06-19,21,12,3,1,5,28,12
2011-06-21,28,15,30,2,1,22,2
2011-06-23,18,10,6,1,27,11,12
2011-06-26,21,5,4,12,3,17,14
2011-06-28,26,32,21,28,29,2,1
2011-06-30,9,32,12,31,7,10,13
2011-07-03,33,26,32,19,6,21,13
2011-07-05,7,26,15,29,1,8,10
2011-07-07,5,13,20,22,29,3,9
2011-07-10,15,29,16,3,24,14,5
2011-07-12,7,32,31,2,9,25,9
2011-07-14,23,25,32,14,19,6,12
2011-07-17,26,25,20,16,7,17,4
2011-07-19,7,28,29,16,18,24,6
2011-07-21,32,12,16,18,10,9,15
2011-07-24,3,24,11,6,31,21,10
2011-07-26,12,24,6,17,9,7,9
2011-07-28,5,18,4,3,2,28,1
2011-07-31,20,17,9,3,29,21,4
2011-08-02,24,11,29,30,2,1,12
2011-08-04,25,18,5,2,21,14,16
2011-08-07,28,21,9,30,23,15,3
2011-08-09,17,32,31,5,10,26,4
2011-08-11,23,13,11,4,30,7,9
2011-08-14,11,9,12,19,18,17,5
2011-08-16,7,3,10,24,8,23,5
2011-08-18,14,13,4,19,1,7,15
2011-08-21,26,20,9,17,21,19,16
2011-08-23,21,3,7,22,32,20,5
2011-08-25,26,21,27,12,10,13,14
2011-08-28,23,21,7,31,11,32,5
2011-08-30,10,23,29,6,31,19,6
2011-09-01,21,5,31,13,1,27,11
2011-09-04,5,15,10,16,4,13,12
2011-09-06,9,10,29,20,16,25,9
2011-09-08,4,6,23,28,27,25,1
2011-09-11,2,11,12,14,24,32,14
2011-09-13,4,22,16,17,9,29,15
2011-09-15,2,22,26,17,29,33,10
2011-09-18,16,33,1,3,15,9,15
2011-09-20,33,26,21,28,12,14,12
2011-09-22,1,5,3,20,25,27,4
2011-09-25,3,5,16,18,23,24,15
2011-09-27,33,25,6,11,32,10,5
2011-09-29,14,16,15,30,32,1,9
2011-10-02,17,33,9,7,12,8,16
2011-10-04,27,12,1,7,17,11,5
2011-10-06,8,19,26,10,30,28,4
2011-10-09,6,14,11,21,5,20,10
2011-10-11,12,9,32,14,19,28,1
2011-10-13,30,28,17,14,33,4,7
2011-10-16,14,4,22,33,32,25,2
2011-10-18,27,31,12,18,26,10,3
2011-10-20,19,14,4,28,5,1,16
2011-10-23,19,9,31,26,18,32,16
2011-10-25,15,32,24,27,3,10,8
2011-10-27,26,13,18,7,3,23,16
2011-10-30,23,22,16,19,29,27,11
2011-11-01,19,23,14,9,11,17,12
2011-11-03,23,26,10,21,11,7,6
2011-11-06,32,18,23,14,25,7,15
2011-11-08,17,21,2,7,9,25,1
2011-11-10,25,5,12,13,2,33,7
2011-11-13,14,21,20,25,31,12,16
2011-11-15,7,6,30,31,2,1,10
2011-11-17,17,20,25,12,26,13,12
2011-11-20,6,2,31,22,20,4,7
2011-11-22,30,11,18,2,33,23,13
2011-11-24,28,15,32,1,5,24,7
2011-11-27,27,8,30,24,20,31,3
2011-11-29,4,18,27,29,20,22,6
2011-12-01,2,29,19,6,4,24,11
2011-12-04,31,16,29,15,12,26,2
2011-12-06,8,7,14,12,15,30,16
2011-12-08,1,2,16,10,9,24,3
2011-12-11,4,2,14,15,30,26,4
2011-12-13,23,33,26,11,28,32,10
2011-12-15,8,18,30,4,12,17,10
2011-12-18,26,23,22,25,5,14,14
2011-12-20,5,31,6,23,4,7,16
2011-12-22,8,10,27,22,12,15,13
2011-12-25,31,7,11,16,33,19,10
2011-12-27,12,4,26,11,21,10,13
2011-12-29,10,25,5,9,8,20,13
2012-01-01,4,5,15,1,9,17,6
2012-01-03,32,3,7,2,10,9,13
2012-01-05,24,8,6,31,3,29,9
2012-01-08,1,11,23,10,5,21,16
2012-01-10,7,31,27,33,18,9,6
2012-01-12,22,25,2,29,32,33,8
2012-01-15,19,32,28,17,10,27,4
2012-01-17,29,20,1,12,23,24,8
2012-01-19,27,24,16,4,33,26,11
2012-01-29,13,3,25,19,1,26,10
2012-01-31,14,15,20,26,16,4,5
2012-02-02,15,17,27,18,23,20,1
2012-02-05,24,6,30,8,32,29,13
2012-02-07,1,5,28,30,2,16,12
2012-02-09,3,1,21,10,23,6,15
2012-02-12,22,17,12,25,2,5,8
2012-02-14,28,25,19,9,6,14,10
2012-02-16,22,26,5,32,6,3,15
2012-02-19,30,22,7,20,18,14,16
2012-02-21,12,3,23,29,18,8,11
2012-02-23,1,18,30,22,15,16,3
2012-02-26,26,8,12,27,24,4,4
2012-02-28,9,15,23,33,5,24,2
2012-03-01,25,28,4,12,19,21,13
2012-03-04,25,3,9,27,8,17,6
2012-03-06,3,25,15,9,24,7,16
2012-03-08,25,30,22,31,16,4,12
2012-03-11,30,15,10,28,21,20,11
2012-03-13,7,25,26,15,4,28,3
2012-03-15,18,21,31,10,9,17,8
2012-03-18,22,4,24,31,27,16,3
2012-03-20,2,24,10,22,17,1,4
2012-03-22,27,16,3,17,15,2,4
2012-03-25,2,23,33,3,8,32,16
2012-03-27,24,12,11,21,26,9,5
2012-03-29,2,19,26,11,18,13,9
2012-04-01,24,19,14,5,28,33,9
2012-04-03,15,19,11,9,33,10,16
2012-04-05,2,22,1,29,13,5,8
2012-04-08,22,9,31,8,25,3,10
2012-04-10,20,24,8,32,11,15,2
2012-04-12,5,6,19,24,28,11,16
2012-04-15,2,11,33,26,9,21,3
2012-04-17,9,6,25,10,14,22,3
2012-04-19,21,20,27,8,30,11,9
2012-04-22,20,33,19,4,12,23,6
2012-04-24,6,33,11,7,32,16,11
2012-04-26,30,5,1,14,24,22,10
2012-04-29,20,19,4,12,13,32,2
2012-05-01,15,7,13,17,24,19,11
2012-05-03,2,14,17,12,30,31,9
2012-05-06,3,5,20,6,24,2,4
2012-05-08,33,25,4,22,27,15,4
2012-05-10,14,20,18,30,33,6,14
2012-05-13,6,24,28,4,13,20,1
2012-05-15,4,14,26,31,17,7,10
2012-05-17,21,31,27,3,5,19,4
2012-05-20,20,26,25,3,6,15,4
2012-05-22,21,13,26,4,22,31,1
2012-05-24,17,16,29,7,10,13,1
2012-05-27,3,18,11,8,14,12,14
2012-05-29,2,31,17,16,20,13,7
2012-05-31,24,17,10,2,19,27,12
2012-06-03,23,10,16,24,11,5,11
2012-06-05,19,8,27,10,18,31,14
2012-06-07,1,26,29,2,9,33,12
2012-06-10,4,26,30,10,21,5,16
2012-06-12,32,22,17,5,26,33,10
2012-06-14,20,11,18,10,29,8,6
2012-06-17,4,2,31,32,24,3,11
2012-06-19,21,19,23,22,3,4,8
2012-06-21,2,3,13,30,7,9,6
2012-06-24,27,17,7,9,10,4,5
2012-06-26,32,16,28,19,18,15,8
2012-06-28,6,23,4,32,29,22,11
2012-07-01,29,22,11,18,30,27,15
2012-07-03,26,28,2,18,13,4,12
2012-07-05,15,24,8,22,28,33,12
2012-07-08,33,24,6,12,30,7,12
2012-07-10,9,15,14,4,16,27,3
2012-07-12,29,5,25,2,24,10,6
2012-07-15,22,11,4,29,18,2,6
2012-07-17,4,33,15,14,26,9,4
2012-07-19,2,28,26,20,29,10,14
2012-07-22,24,17,30,5,33,31,5
2012-07-24,9,8,23,15,13,22,8
2012-07-26,13,14,11,10,3,22,9
2012-07-29,23,3,24,27,5,31,15
2012-07-31,25,3,13,14,10,7,11
2012-08-02,20,30,25,2,29,13,11
2012-08-05,7,5,21,19,8,1,16
2012-08-07,17,18,32,28,6,13,3
2012-08-09,19,24,33,21,3,5,13
2012-08-12,14,9,33,23,16,6,15
2012-08-14,24,29,17,27,28,30,2
2012-08-16,7,29,11,16,33,4,7
2012-08-19,14,13,8,22,19,5,6
2012-08-21,12,31,19,26,29,2,9
2012-08-23,21,8,27,16,15,12,16
2012-08-26,33,15,5,7,25,18,10
2012-08-28,33,12,9,17,18,20,2
2012-08-30,13,25,30,27,29,28,15
2012-09-02,9,4,14,11,33,32,2
2012-09-04,28,19,9,5,4,10,3
2012-09-06,17,6,13,15,14,30,4
2012-09-09,32,13,22,20,14,23,16
2012-09-11,31,15,11,25,24,12,9
2012-09-13,13,12,19,1,9,28,13
2012-09-16,29,12,31,2,26,24,3
2012-09-18,7,3,13,10,32,22,9
2012-09-20,10,31,9,20,22,2,13
2012-09-23,15,31,20,21,27,8,6
2012-09-25,6,9,18,3,32,13,6
2012-09-27,29,6,11,26,27,1,15
2012-09-30,3,32,24,20,26,8,14
2012-10-02,31,29,32,21,3,26,3
2012-10-04,24,15,18,20,28,13,9
2012-10-07,6,12,5,15,7,28,11
2012-10-09,12,20,27,25,26,28,13
2012-10-11,4,29,1,20,28,24,16
2012-10-14,1,20,7,24,8,23,11
2012-10-16,19,29,12,22,28,13,11
2012-10-18,10,8,25,16,28,33,9
2012-10-21,7,33,21,27,6,25,11
2012-10-23,12,13,26,29,8,33,1
2012-10-25,12,24,5,23,15,3,7
2012-10-28,26,9,11,21,32,1,8
2012-10-30,30,12,5,9,31,29,5
2012-11-01,21,1,7,9,17,29,1
2012-11-04,20,15,22,31,1,3,3
2012-11-06,6,19,32,28,26,18,12
2012-11-08,16,25,7,12,17,21,10
2012-11-11,20,1,29,21,8,11,2
2012-11-13,5,7,13,6,23,2,15
2012-11-15,2,8,11,17,7,5,16
2012-11-18,7,21,28,17,2,8,11
2012-11-20,1,13,17,2,4,6,7
2012-11-22,7,16,21,17,1,19,14
2012-11-25,8,24,21,31,28,19,15
2012-11-27,31,30,33,14,27,18,15
2012-11-29,20,8,5,3,27,19,9
2012-12-02,31,22,5,29,18,28,6
2012-12-04,8,25,7,30,18,32,6
2012-12-06,3,10,13,30,12,27,4
2012-12-09,5,28,26,27,20,33,3
2012-12-11,7,5,32,1,29,13,13
2012-12-13,24,15,23,32,2,12,9
2012-12-16,3,21,6,11,31,17,7
2012-12-18,26,25,32,1,13,5,13
2012-12-20,17,23,24,9,26,11,7
2012-12-23,25,24,32,14,26,5,1
2012-12-25,28,10,29,12,18,22,7
2012-12-27,21,11,4,5,28,27,10
2012-12-30,5,16,12,32,28,7,4
2013-01-01,6,15,25,8,24,14,6
2013-01-03,16,30,1,22,28,18,12
2013-01-06,22,28,23,26,33,27,9
2013-01-08,10,27,6,16,20,32,8
2013-01-10,1,25,32,13,31,14,12
2013-01-13,22,13,30,9,10,17,13
2013-01-15,32,2,15,26,9,22,1
2013-01-17,17,32,3,25,8,21,15
2013-01-20,4,16,23,1,13,9,2
2013-01-22,32,1,9,17,33,11,12
2013-01-24,12,3,17,27,29,24,9
2013-01-27,6,28,22,17,29,14,2
2013-01-29,6,19,13,28,5,22,9
2013-01-31,5,17,19,20,4,2,8
2013-02-03,5,18,13,6,7,11,15
2013-02-05,12,6,2,28,14,5,5
2013-02-07,31,12,30,32,4,6,9
2013-02-17,30,8,28,29,13,2,5
2013-02-19,20,26,16,5,1,2,6
2013-02-21,16,1,7,21,12,8,1
2013-02-24,19,31,26,1,17,6,11
2013-02-26,15,7,4,2,20,9,7
2013-02-28,32,3,15,6,18,30,5
2013-03-03,4,23,30,5,27,13,9
2013-03-05,30,16,18,25,17,24,8
2013-03-07,22,4,31,15,14,11,11
2013-03-10,24,21,1,12,4,2,12
2013-03-12,7,25,8,26,28,14,13
2013-03-14,29,23,6,19,10,7,12
2013-03-17,25,26,7,29,18,14,6
2013-03-19,3,15,14,13,33,21,3
2013-03-21,4,21,29,30,33,25,3
2013-03-24,6,28,17,19,13,5,1
2013-03-26,20,6,22,33,26,15,9
2013-03-28,26,17,15,14,30,1,2
2013-03-31,29,5,31,9,27,4,13
2013-04-02,18,15,32,28,27,2,14
2013-04-04,15,10,12,14,19,9,11
2013-04-07,2,15,24,29,1,14,6
2013-04-09,10,2,12,4,17,30,10
2013-04-11,23,17,10,2,24,12,5
2013-04-14,15,8,33,13,1,12,3
2013-04-16,17,25,6,15,14,3,16
2013-04-18,28,26,11,3,18,5,6
2013-04-21,7,6,14,31,8,23,12
2013-04-23,19,3,24,26,16,20,6
2013-04-25,1,27,17,30,11,8,12
2013-04-28,32,28,30,10,17,13,4
2013-04-30,16,32,14,10,21,13,14
2013-05-02,22,7,3,13,25,18,3
2013-05-05,29,8,15,28,19,12,2
2013-05-07,14,22,24,6,21,7,13
2013-05-09,30,22,3,33,13,12,14
2013-05-12,8,14,4,3,28,21,14
2013-05-14,32,19,27,18,22,8,6
2013-05-16,12,29,26,3,25,28,16
2013-05-19,13,19,26,16,28,23,5
2013-05-21,24,8,11,21,17,23,5
2013-05-23,27,29,3,10,24,18,9
2013-05-26,7,5,20,13,19,10,15
2013-05-28,6,5,18,13,12,7,12
2013-05-30,22,19,6,1,7,27,2
2013-06-02,31,20,15,23,10,18,12
2013-06-04,13,25,22,9,32,1,12
2013-06-06,23,7,30,19,18,29,2
2013-06-09,17,16,20,1,3,32,7
2013-06-11,9,1,4,30,15,22,6
2013-06-13,13,20,25,2,27,7,6
2013-06-16,30,16,18,17,7,33,6
2013-06-18,2,28,10,30,9,3,6
2013-06-20,21,12,26,28,5,23,9
2013-06-23,8,33,14,19,11,2,9
2013-06-25,13,20,28,17,9,2,11
2013-06-27,6,8,32,14,3,19,3
2013-06-30,4,9,6,33,25,30,14
2013-07-02,23,24,29,30,14,26,3
2013-07-04,9,14,26,24,29,23,3
2013-07-07,5,26,17,27,18,3,15
2013-07-09,26,7,22,19,13,17,13
2013-07-11,23,28,11,32,10,12,16
2013-07-14,1,10,31,13,4,21,13
2013-07-16,22,14,20,4,13,30,6
2013-07-18,12,19,14,6,23,5,9
2013-07-21,21,7,5,9,20,11,3
2013-07-23,2,12,16,8,14,32,16
2013-07-25,2,11,26,4,16,13,11
2013-07-28,24,28,23,2,13,19,5
2013-07-30,15,9,21,22,24,20,14
2013-08-01,4,8,19,25,21,12,13
2013-08-04,11,24,2,23,5,29,8
2013-08-06,31,14,24,28,4,25,10
2013-08-08,26,11,7,21,31,15,6
2013-08-11,31,26,8,2,29,1,14
2013-08-13,14,2,22,18,4,20,7
2013-08-15,29,28,19,15,1,6,10
2013-08-18,28,22,1,30,2,29,15
2013-08-20,17,23,22,14,25,5,7
2013-08-22,19,20,26,7,15,18,14
2013-08-25,20,26,31,21,5,11,3
2013-08-27,20,16,8,4,14,11,11
2013-08-29,5,23,32,9,27,7,1
2013-09-01,16,5,8,2,6,4,3
2013-09-03,4,20,9,18,2,13,7
2013-09-05,17,2,28,4,15,1,11
2013-09-08,11,27,1,31,32,23,9
2013-09-10,11,32,9,23,30,31,6
2013-09-12,17,11,28,31,7,9,11
2013-09-15,31,32,21,28,16,22,5
2013-09-17,24,9,23,29,32,27,8
2013-09-19,21,18,17,29,32,15,13
2013-09-22,6,2,33,3,1,8,13
2013-09-24,31,13,12,22,1,6,7
2013-09-26,33,24,7,4,17,11,9
2013-09-29,21,17,4,6,33,23,7
2013-10-01,3,18,27,17,16,12,8
2013-10-03,21,33,12,32,26,15,7
2013-10-06,33,27,24,12,9,13,16
2013-10-08,33,32,2,17,3,22,16
2013-10-10,20,26,22,15,32,5,9
2013-10-13,6,23,18,13,5,31,11
2013-10-15,7,6,5,25,27,4,7
2013-10-17,27,7,10,26,15,13,11
2013-10-20,25,2,11,17,1,6,2
2013-10-22,9,15,30,3,25,23,7
2013-10-24,28,25,4,8,18,6,16
2013-10-27,19,31,4,33,10,27,16
2013-10-29,22,13,3,20,2,33,14
2013-10-31,25,31,17,13,7,19,8
2013-11-03,27,31,14,5,10,6,14
2013-11-05,3,1,16,33,15,31,8
2013-11-07,19,12,17,26,6,4,9
2013-11-10,22,27,20,23,25,21,12
2013-11-12,22,12,4,7,25,19,1
2013-11-14,25,17,18,1,19,29,10
2013-11-17,24,31,9,23,29,25,12
2013-11-19,26,16,18,6,4,14,6
2013-11-21,27,17,4,19,24,23,10
2013-11-24,27,28,24,16,15,4,3
2013-11-26,11,27,7,21,13,8,8
2013-11-28,22,12,13,21,5,1,10
2013-12-01,5,4,31,3,25,30,4
2013-12-03,12,20,29,14,22,11,14
2013-12-05,27,18,32,21,22,12,11
2013-12-08,27,19,31,5,12,7,2
2013-12-10,13,10,24,16,23,6,15
2013-12-12,30,20,25,32,33,8,1
2013-12-15,19,30,17,2,15,16,8
2013-12-17,6,22,11,12,14,17,1
2013-12-19,25,18,32,9,26,30,11
2013-12-22,15,26,1,25,29,16,10
2013-12-24,9,33,3,19,10,28,9
2013-12-26,6,4,16,18,29,14,5
2013-12-29,18,28,11,8,33,13,10
2013-12-31,19,11,7,29,24,14,5
2014-01-02,9,27,29,20,3,15,1
2014-01-05,32,4,31,33,23,21,4
2014-01-07,10,33,30,6,28,11,12
2014-01-09,25,1,19,24,4,22,15
2014-01-12,33,18,15,32,27,23,4
2014-01-14,7,27,17,3,4,21,14
2014-01-16,28,12,14,18,8,10,14
2014-01-19,30,21,16,14,5,29,12
2014-01-21,19,20,9,25,8,32,16
2014-01-23,33,31,5,7,20,8,11
2014-01-26,14,13,21,32,9,10,2
2014-01-28,21,24,19,1,11,8,8
2014-02-09,15,21,13,5,17,9,13
2014-02-11,4,22,25,19,29,9,15
2014-02-13,11,19,30,32,33,2,9
2014-02-16,7,2,24,21,3,13,8
2014-02-18,26,6,25,4,14,7,10
2014-02-20,13,33,30,21,17,18,15
2014-02-23,20,15,19,10,2,21,7
2014-02-25,9,25,14,23,24,17,15
2014-02-27,29,10,22,17,15,8,12
2014-03-02,6,21,26,7,10,4,16
2014-03-04,9,21,17,13,7,22,10
2014-03-06,8,10,16,23,20,30,9
2014-03-09,16,30,1,5,14,10,16
2014-03-11,23,6,11,5,2,1,14
2014-03-13,31,8,30,14,16,10,1
2014-03-16,16,21,27,30,32,6,5
2014-03-18,7,21,16,29,2,14,14
2014-03-20,30,12,19,24,18,23,10
2014-03-23,27,10,21,16,17,4,14
2014-03-25,33,14,29,22,1,2,7
2014-03-27,33,13,32,28,5,23,12
2014-03-30,1,8,4,25,3,31,6
2014-04-01,17,7,33,32,8,9,6
2014-04-03,8,11,7,9,1,22,3
2014-04-06,24,14,25,30,6,13,7
2014-04-08,23,7,24,22,33,4,16
2014-04-10,15,31,11,3,19,20,7
2014-04-13,4,12,3,11,6,15,8
2014-04-15,21,18,7,22,11,16,2
2014-04-17,33,28,25,15,12,20,14
2014-04-20,2,14,5,9,33,24,9
2014-04-22,27,4,28,9,33,21,12
2014-04-24,4,2,9,22,11,19,15
2014-04-27,2,22,18,10,11,17,10
2014-04-29,11,19,8,10,12,29,15
2014-05-01,24,25,16,9,17,6,16
2014-05-04,32,7,23,16,17,6,6
2014-05-06,26,32,17,3,25,23,13
2014-05-08,21,19,24,10,23,16,13
2014-05-11,28,30,13,15,33,9,8
2014-05-13,22,31,17,19,14,26,2
2014-05-15,1,11,5,29,4,30,14
2014-05-18,19,30,21,9,2,14,4
2014-05-20,28,20,1,11,18,29,1
2014-05-22,31,12,4,2,18,23,8
2014-05-25,3,14,25,12,13,2,11
2014-05-27,12,5,25,13,8,23,13
2014-05-29,3,25,18,14,5,33,6
2014-06-01,14,28,2,17,31,27,8
2014-06-03,9,15,24,25,6,26,9
2014-06-05,22,17,8,31,21,3,16
2014-06-08,32,2,29,9,16,15,14
2014-06-10,22,4,8,5,10,3,6
2014-06-12,5,2,18,21,17,15,16
2014-06-15,17,6,23,1,7,18,6
2014-06-17,13,22,27,12,4,29,16
2014-06-19,19,12,5,30,17,25,11
2014-06-22,7,9,28,19,1,29,7
2014-06-24,22,4,12,2,17,25,14
2014-06-26,1,13,19,32,7,3,16
2014-06-29,12,20,33,30,16,1,2
2014-07-01,30,6,3,31,1,13,12
2014-07-03,22,29,11,27,9,3,6
2014-07-06,33,10,12,18,17,6,11
2014-07-08,15,22,9,12,8,19,10
2014-07-10,6,2,3,9,17,5,7
2014-07-13,2,28,22,7,27,16,2
2014-07-15,25,5,30,14,17,16,7
2014-07-17,29,8,22,27,24,14,10
2014-07-20,20,4,26,29,2,25,11
2014-07-22,23,33,5,21,6,19,12
2014-07-24,13,25,1,6,10,9,8
2014-07-27,2,29,19,1,11,23,8
2014-07-29,14,2,12,10,4,30,8
2014-07-31,18,6,23,33,32,22,6
2014-08-03,16,3,14,6,29,11,15
2014-08-05,27,14,4,30,17,6,9
2014-08-07,19,24,9,5,11,32,13
2014-08-10,5,1,29,27,12,19,14
2014-08-12,3,22,19,13,18,26,7
2014-08-14,10,20,8,2,29,9,5
2014-08-17,23,1,29,10,20,18,1
2014-08-19,22,5,8,6,14,31,8
2014-08-21,17,12,22,24,14,19,8
2014-08-24,27,13,24,25,7,32,15
2014-08-26,17,31,29,20,13,2,7
2014-08-28,5,32,13,10,11,1,14
2014-08-31,9,1,16,10,14,6,11
2014-09-02,18,16,23,32,24,20,7
2014-09-04,31,24,21,14,16,28,13
2014-09-07,8,10,33,18,9,3,4
2014-09-09,2,6,28,19,12,27,13
2014-09-11,27,19,17,14,32,16,4
2014-09-14,21,18,9,17,14,25,15
2014-09-16,22,27,17,11,25,14,16
2014-09-18,8,20,23,9,28,3,2
2014-09-21,5,19,11,28,2,15,2
2014-09-23,1,30,8,13,11,19,6
2014-09-25,8,28,22,20,17,2,2
2014-09-28,1,15,30,21,16,24,3
2014-09-30,31,32,33,14,28,12,7
2014-10-02,2,7,23,33,32,30,10
2014-10-05,32,10,11,1,9,13,3
2014-10-07,10,15,14,9,29,19,16
2014-10-09,25,5,29,10,17,28,4
2014-10-12,26,7,30,15,5,18,3
2014-10-14,26,6,20,17,13,29,9
2014-10-16,1,12,7,28,16,23,4
2014-10-19,13,22,1,28,30,2,9
2014-10-21,20,6,29,16,11,9,11
2014-10-23,11,33,1,28,6,17,5
2014-10-26,33,2,24,17,31,20,4
2014-10-28,11,15,31,10,32,26,6
2014-10-30,17,6,27,11,22,16,1
2014-11-02,23,21,27,2,10,12,12
2014-11-04,18,24,5,7,17,8,14
2014-11-06,20,28,8,9,32,5,2
2014-11-09,1,10,30,24,33,2,10
2014-11-11,28,21,22,5,32,17,14
2014-11-13,6,5,14,15,33,18,8
2014-11-16,14,13,31,16,23,30,13
2014-11-18,23,28,22,5,16,26,2
2014-11-20,33,4,2,13,11,25,1
2014-11-23,32,19,31,3,27,16,10
2014-11-25,6,11,29,3,25,9,9
2014-11-27,4,29,6,31,13,33,13
2014-11-30,15,14,25,29,20,1,11
2014-12-02,10,14,17,11,6,33,6
2014-12-04,21,9,16,8,11,24,10
2014-12-07,25,6,28,22,21,23,13
2014-12-09,25,20,18,3,26,12,16
2014-12-11,6,3,5,10,9,27,14
2014-12-14,12,23,29,26,13,10,11
2014-12-16,32,1,29,6,20,13,1
2014-12-18,6,26,7,31,22,32,10
2014-12-21,5,2,12,1,15,16,13
2014-12-23,15,19,10,33,9,7,1
2014-12-25,3,22,24,32,8,14,9
2014-12-28,8,27,21,11,5,4,8
2014-12-30,15,8,21,20,13,25,12
2015-01-01,9,1,7,23,16,20,6
2015-01-04,15,28,25,16,32,7,5
2015-01-06,31,15,23,10,24,20,15
2015-01-08,16,15,14,2,23,24,10
2015-01-11,7,18,32,17,16,10,15
2015-01-13,33,1,10,11,29,31,13
2015-01-15,17,1,9,33,7,20,8
2015-01-18,16,22,7,10,4,20,3
2015-01-20,14,25,21,17,7,4,14
2015-01-22,2,8,3,21,1,31,9
2015-01-25,14,4,15,18,17,20,15
2015-01-27,31,23,29,5,22,3,6
2015-01-29,26,9,8,25,29,24,1
2015-02-01,19,16,30,27,2,12,11
2015-02-03,7,33,25,24,1,20,4
2015-02-05,10,6,17,15,2,31,13
2015-02-08,20,18,13,27,33,25,12
2015-02-10,12,28,9,6,14,29,9
2015-02-12,26,19,6,11,2,25,4
2015-02-15,4,7,1,23,19,22,4
2015-02-17,14,27,28,17,16,15,8
2015-02-26,10,16,7,4,23,25,10
2015-03-01,9,8,13,29,10,30,1
2015-03-03,9,23,11,24,18,16,10
2015-03-05,11,32,15,27,12,10,14
2015-03-08,33,17,13,2,22,21,13
2015-03-10,7,29,26,16,9,5,7
2015-03-12,4,28,26,27,7,10,14
2015-03-15,14,15,7,28,21,19,7
2015-03-17,8,11,14,15,26,16,7
2015-03-19,22,26,1,5,7,32,11
2015-03-22,16,29,18,14,32,11,16
2015-03-24,31,6,32,21,29,3,5
2015-03-26,27,13,18,12,20,17,13
2015-03-29,9,1,8,24,22,33,3
2015-03-31,33,4,17,6,16,26,3
2015-04-02,31,5,28,7,18,12,3
2015-04-05,33,11,5,6,12,14,14
2015-04-07,26,30,13,29,1,15,12
2015-04-09,27,30,16,18,32,13,16
2015-04-12,25,11,9,17,4,21,6
2015-04-14,23,10,21,9,19,32,8
2015-04-16,26,11,24,27,12,15,15
2015-04-19,14,4,3,16,13,2,2
2015-04-21,30,31,22,1,13,5,7
2015-04-23,31,23,5,10,14,7,1
2015-04-26,20,24,26,27,2,3,9
2015-04-28,27,22,16,13,17,25,10
2015-04-30,23,17,7,20,12,14,5
2015-05-03,17,12,16,3,9,31,4
2015-05-05,32,4,24,26,10,28,9
2015-05-07,25,4,16,26,11,2,12
2015-05-10,32,7,17,3,33,22,10
2015-05-12,22,1,10,26,7,2,7
2015-05-14,19,10,18,1,28,15,2
2015-05-17,1,8,18,20,16,7,14
2015-05-19,25,24,32,20,9,26,4
2015-05-21,10,18,2,20,9,19,15
2015-05-24,25,6,16,2,32,9,14
2015-05-26,18,1,27,31,32,3,13
2015-05-28,18,26,6,32,22,33,4
2015-05-31,18,26,14,15,9,21,16
2015-06-02,7,9,16,32,22,1,12
2015-06-04,14,27,23,12,11,17,1
2015-06-07,29,26,8,14,10,19,12
2015-06-09,17,8,11,28,5,24,16
2015-06-11,5,24,25,31,2,8,14
2015-06-14,27,15,6,21,26,18,10
2015-06-16,23,17,18,30,13,1,15
2015-06-18,29,7,19,21,13,1,15
2015-06-21,28,29,8,18,20,31,8
2015-06-23,1,31,5,20,3,21,5
2015-06-25,2,27,26,1,22,17,4
2015-06-28,21,29,4,26,25,7,8
2015-06-30,6,19,32,13,21,11,4
2015-07-02,1,9,27,10,19,23,9
2015-07-05,27,6,13,8,10,1,16
2015-07-07,22,7,26,29,3,20,2
2015-07-09,15,9,32,14,20,26,11
2015-07-12,30,14,25,17,27,28,2
2015-07-14,31,28,13,22,20,26,13
2015-07-16,14,9,2,28,30,8,7
2015-07-19,18,7,6,32,16,29,5
2015-07-21,29,28,15,20,22,18,15
2015-07-23,25,8,2,28,27,29,5
2015-07-26,6,5,18,16,8,22,12
2015-07-28,20,15,9,28,19,16,11
2015-07-30,2,12,29,31,20,24,9
2015-08-02,28,14,29,19,12,27,1
2015-08-04,12,33,22,10,25,14,15
2015-08-06,17,22,7,5,19,31,11
2015-08-09,27,26,9,19,21,15,1
2015-08-11,31,1,25,21,13,3,8
2015-08-13,16,6,17,4,13,1,10
2015-08-16,30,28,31,4,15,21,4
2015-08-18,31,23,24,16,17,6,7
2015-08-20,14,27,20,12,9,26,4
2015-08-23,26,9,13,27,33,6,1
2015-08-25,7,14,22,11,6,10,9
2015-08-27,19,21,3,11,17,2,8
2015-08-30,22,16,29,28,24,8,5
2015-09-01,7,14,12,23,9,21,6
2015-09-03,30,32,8,6,13,26,14
2015-09-06,23,21,9,18,26,25,1
2015-09-08,10,9,26,19,16,20,12
2015-09-10,31,32,3,4,1,23,13
2015-09-13,7,18,21,25,16,14,8
2015-09-15,2,24,12,27,22,19,15
2015-09-17,33,16,9,1,32,8,13
2015-09-20,16,5,22,7,23,17,4
2015-09-22,20,16,14,30,8,18,12
2015-09-24,3,27,10,19,20,1,11
2015-09-27,27,7,5,19,1,8,12
2015-09-29,13,21,26,4,7,9,1
2015-10-01,7,1,32,24,14,8,3
2015-10-04,23,15,4,26,6,28,11
2015-10-06,11,4,26,12,32,18,12
2015-10-08,21,1,23,31,11,4,12
2015-10-11,31,23,18,2,10,8,8
2015-10-13,21,24,29,16,27,26,16
2015-10-15,3,21,20,1,29,28,12
2015-10-18,22,5,16,25,11,7,7
2015-10-20,22,5,28,9,12,8,7
2015-10-22,3,27,2,5,18,12,1
2015-10-25,27,30,13,33,22,5,10
2015-10-27,23,10,29,15,20,11,12
2015-10-29,22,7,19,27,33,10,6
2015-11-01,8,11,22,1,28,3,6
2015-11-03,5,8,16,27,11,18,4
2015-11-05,15,17,6,22,14,16,10
2015-11-08,10,22,13,26,19,12,3
2015-11-10,3,28,11,5,30,33,1
2015-11-12,24,3,2,20,22,13,15
2015-11-15,14,19,27,5,31,2,4
2015-11-17,14,18,1,26,32,12,7
2015-11-19,5,28,12,2,29,23,1
2015-11-22,27,31,28,14,22,23,12
2015-11-24,8,1,24,16,19,2,11
2015-11-26,13,18,25,1,10,27,9
2015-11-29,28,30,29,20,6,31,12
2015-12-01,28,25,3,8,19,27,2
2015-12-03,22,13,17,20,19,25,11
2015-12-06,20,15,19,13,21,32,4
2015-12-08,7,32,15,4,28,1,16
2015-12-10,8,7,19,24,15,20,13
2015-12-13,17,28,16,30,32,21,15
2015-12-15,23,30,8,9,16,24,5
2015-12-17,14,9,27,26,13,22,7
2015-12-20,9,21,33,10,22,20,9
2015-12-22,8,1,3,31,11,29,13
2015-12-24,32,5,6,31,23,8,11
2015-12-27,18,32,11,19,21,29,12
2015-12-29,11,15,27,8,29,22,3
2015-12-31,25,11,18,7,15,9,7
2016-01-03,18,22,20,16,13,6,13
2016-01-05,9,14,30,17,24,20,16
2016-01-07,10,14,26,28,23,1,1
2016-01-10,8,22,10,17,25,33,12
2016-01-12,20,31,11,14,18,33,14
2016-01-14,31,16,28,18,20,13,12
2016-01-17,12,20,14,27,29,5,6
2016-01-19,29,33,15,2,32,24,2
2016-01-21,27,14,24,25,32,10,4
2016-01-24,12,14,2,4,25,19,6
2016-01-26,22,29,10,3,8,15,12
2016-01-28,32,12,16,7,14,27,15
2016-01-31,21,22,31,7,26,12,1
2016-02-02,2,10,27,20,8,18,7
2016-02-04,26,22,25,14,1,2,7
2016-02-14,22,20,1,25,26,24,16
2016-02-16,20,8,30,5,22,6,5
2016-02-18,14,17,13,21,25,12,4
2016-02-21,6,17,13,16,30,23,10
2016-02-23,1,12,22,10,2,24,10
2016-02-25,13,11,22,26,24,9,5
2016-02-28,23,22,30,19,4,9,7
2016-03-01,3,29,25,6,10,19,7
2016-03-03,2,5,7,31,14,18,13
2016-03-06,11,4,30,12,24,17,12
2016-03-08,30,9,12,4,28,33,1
2016-03-10,11,15,13,17,19,31,5
2016-03-13,25,29,21,12,6,8,1
2016-03-15,18,20,21,27,12,15,15
2016-03-17,22,14,19,25,10,29,12
2016-03-20,3,10,19,8,33,26,3
2016-03-22,14,15,8,27,21,12,15
2016-03-24,6,17,20,18,29,27,15
2016-03-27,15,28,21,22,3,23,15
2016-03-29,19,29,13,4,26,20,11
2016-03-31,20,22,4,7,3,9,3
2016-04-03,31,33,32,6,15,26,16
2016-04-05,12,22,13,29,3,28,3
2016-04-07,7,1,19,18,27,3,16
2016-04-10,23,19,20,3,13,26,3
2016-04-12,18,21,12,22,24,17,4
2016-04-14,17,31,7,23,26,14,9
2016-04-17,30,26,20,33,5,14,12
2016-04-19,10,30,3,12,18,1,1
2016-04-21,4,32,17,9,30,12,3
2016-04-24,30,25,20,26,7,27,14
2016-04-26,5,8,22,2,17,15,16
2016-04-28,15,8,13,14,3,30,4
2016-05-01,8,13,6,14,22,27,10
2016-05-03,28,29,9,24,12,30,2
2016-05-05,33,9,15,1,4,2,12
2016-05-08,13,28,19,1,24,6,16
2016-05-10,8,31,29,10,12,2,1
2016-05-12,16,11,28,19,32,6,4
2016-05-15,16,10,22,26,5,6,11
2016-05-17,18,11,3,16,4,8,14
2016-05-19,26,19,23,22,12,7,11
2016-05-22,18,3,5,20,24,32,11
2016-05-24,28,4,25,20,11,12,15
2016-05-26,5,22,29,4,26,32,8
2016-05-29,5,20,6,32,18,8,8
2016-05-31,19,21,12,18,13,15,9
2016-06-02,28,18,17,23,32,16,7
2016-06-05,26,12,19,17,3,14,3
2016-06-07,13,26,16,27,22,25,14
2016-06-09,13,7,20,3,18,19,5
2016-06-12,9,18,31,13,27,20,4
2016-06-14,28,19,8,23,31,32,1
2016-06-16,11,21,27,20,10,8,11
2016-06-19,6,3,11,29,23,18,1
2016-06-21,29,28,21,26,19,32,1
2016-06-23,25,19,5,16,24,22,2
2016-06-26,12,11,16,9,15,20,13
2016-06-28,11,10,12,6,20,25,12
2016-06-30,29,6,16,1,3,32,7
2016-07-03,8,22,30,32,13,7,1
2016-07-05,29,19,17,9,20,1,10
2016-07-07,4,2,29,23,26,8,2
2016-07-10,10,12,24,28,1,3,2
2016-07-12,17,24,25,16,32,1,14
2016-07-14,15,2,30,25,32,6,7
2016-07-17,20,15,12,17,6,14,9
2016-07-19,30,9,17,31,16,24,4
2016-07-21,24,2,18,12,4,26,5
2016-07-24,25,12,19,20,21,1,16
2016-07-26,12,10,32,11,15,9,5
2016-07-28,14,11,10,3,2,21,12
2016-07-31,14,33,25,3,16,18,15
2016-08-02,31,1,14,30,32,3,8
2016-08-04,26,2,21,20,13,17,7
2016-08-07,22,14,4,23,28,8,7
2016-08-09,2,23,13,24,29,15,6
2016-08-11,6,25,17,9,27,15,9
2016-08-14,7,6,31,18,10,12,10
2016-08-16,12,1,9,18,5,32,12
2016-08-18,6,14,21,22,24,13,16
2016-08-21,28,13,25,26,31,6,1
2016-08-23,2,32,8,29,25,31,6
2016-08-25,1,11,33,21,27,23,6
2016-08-28,23,3,10,22,29,27,4
2016-08-30,33,24,19,3,32,1,1
2016-09-01,10,30,5,14,8,17,13
2016-09-04,27,13,24,19,1,5,11
2016-09-06,9,18,30,11,31,5,4
2016-09-08,8,27,28,31,19,10,16
2016-09-11,13,4,30,22,5,25,4
2016-09-13,11,26,32,18,27,6,1
2016-09-15,3,7,26,19,2,8,16
2016-09-18,11,16,15,33,9,27,5
2016-09-20,32,28,5,31,7,33,8
2016-09-22,15,14,4,32,7,2,4
2016-09-25,15,12,25,6,18,14,12
2016-09-27,11,26,1,16,17,20,14
2016-09-29,16,22,29,5,20,27,9
2016-10-02,22,27,20,26,8,6,9
2016-10-04,20,7,27,23,18,31,13
2016-10-06,17,14,10,28,33,3,2
2016-10-09,14,33,31,23,9,22,14
2016-10-11,9,32,30,21,19,31,4
2016-10-13,6,21,28,25,2,5,9
2016-10-16,28,23,2,10,25,3,9
2016-10-18,15,28,23,29,22,24,8
2016-10-20,9,20,12,27,14,7,16
2016-10-23,32,21,9,15,27,24,10
2016-10-25,1,8,6,30,20,27,3
2016-10-27,12,18,6,2,19,17,10
2016-10-30,17,12,7,29,31,26,16
2016-11-01,11,9,27,26,4,17,13
2016-11-03,33,6,8,31,5,21,14
2016-11-06,23,17,27,21,3,28,1
2016-11-08,19,18,25,27,10,4,2
2016-11-10,28,5,8,19,27,13,7
2016-11-13,15,22,21,27,33,16,15
2016-11-15,33,18,13,11,12,14,13
2016-11-17,33,20,2,8,18,10,12
2016-11-20,10,27,2,29,20,7,3
2016-11-22,32,15,10,6,1,9,14
2016-11-24,7,20,24,30,25,16,7
2016-11-27,28,19,26,30,6,1,3
2016-11-29,32,26,2,17,1,5,10
2016-12-01,24,21,4,17,13,15,15
2016-12-04,21,30,10,23,1,17,12
2016-12-06,9,6,24,23,25,33,13
2016-12-08,27,10,4,12,33,32,5
2016-12-11,1,3,7,12,19,20,6
2016-12-13,3,15,17,7,16,23,10
2016-12-15,14,28,31,32,18,4,12
2016-12-18,20,1,26,11,30,2,14
2016-12-20,32,26,23,20,3,33,7
2016-12-22,21,4,9,2,5,13,5
2016-12-25,11,6,20,22,16,33,7
2016-12-27,8,9,20,22,16,2,7
2016-12-29,9,16,25,7,29,24,6
2017-01-01,26,9,20,25,14,11,15
2017-01-03,24,32,23,19,25,15,3
2017-01-05,1,27,15,32,8,4,16
2017-01-08,30,27,5,17,13,26,7
2017-01-10,11,12,23,6,30,22,5
2017-01-12,26,29,4,2,8,33,8
2017-01-15,26,33,2,4,24,5,15
2017-01-17,28,13,15,7,29,27,13
2017-01-19,2,8,29,9,15,6,14
2017-01-22,28,5,30,25,8,19,7
2017-01-24,26,10,29,23,12,11,16
2017-01-26,11,16,24,10,15,14,7
2017-02-05,28,31,33,8,11,29,6
2017-02-07,18,6,20,31,23,8,13
2017-02-09,8,1,32,9,17,14,1
2017-02-12,8,29,27,5,16,22,2
2017-02-14,10,3,8,7,22,23,12
2017-02-16,1,31,25,2,17,3,9
2017-02-19,25,4,12,6,23,8,8
2017-02-21,31,12,4,8,33,10,10
2017-02-23,5,10,33,2,22,32,9
2017-02-26,16,18,6,15,2,32,15
2017-02-28,3,4,22,18,1,11,14
2017-03-02,25,21,9,29,31,26,13
2017-03-05,15,2,22,17,16,32,7
2017-03-07,30,19,10,3,12,27,8
2017-03-09,11,30,27,2,14,4,5
2017-03-12,7,8,12,30,13,22,9
2017-03-14,25,23,30,2,15,21,10
2017-03-16,9,23,30,7,1,20,2
2017-03-19,26,10,6,27,29,16,3
2017-03-21,24,27,31,15,5,8,11
2017-03-23,30,23,5,7,15,20,15
2017-03-26,19,32,4,8,33,7,13
2017-03-28,28,1,32,6,24,14,12
2017-03-30,10,24,2,27,1,5,15
2017-04-02,25,11,30,20,22,15,5
2017-04-04,1,4,13,8,24,27,5
2017-04-06,2,12,4,17,24,14,15
2017-04-09,33,28,19,23,29,15,4
2017-04-11,13,27,22,4,15,10,4
2017-04-13,23,2,7,4,10,1,4
2017-04-16,8,13,23,16,27,31,8
2017-04-18,8,31,16,19,32,21,6
2017-04-20,16,25,7,21,5,20,5
2017-04-23,4,13,26,32,23,14,10
2017-04-25,33,10,8,32,5,2,2
2017-04-27,9,14,15,19,5,8,7
2017-04-30,14,8,15,29,1,20,10
2017-05-02,27,12,20,29,10,24,7
2017-05-04,9,15,24,2,5,25,11
2017-05-07,31,8,18,24,7,29,7
2017-05-09,15,4,9,31,29,11,6
2017-05-11,9,2,33,28,23,3,8
2017-05-14,12,24,13,20,31,7,5
2017-05-16,13,21,14,18,19,28,6
2017-05-18,18,31,30,20,22,23,16
2017-05-21,1,9,28,22,32,13,11
2017-05-23,15,25,9,19,8,4,9
2017-05-25,26,10,13,24,5,31,4
2017-05-28,6,20,12,26,7,27,11
2017-05-30,26,31,22,24,7,1,10
2017-06-01,12,25,22,31,20,16,4
2017-06-04,16,10,24,2,28,22,15
2017-06-06,2,8,10,12,5,21,7
2017-06-08,26,1,4,17,6,19,3
2017-06-11,1,29,3,10,4,18,4
2017-06-13,2,30,22,10,31,6,15
2017-06-15,11,31,2,29,23,12,5
2017-06-18,25,1,22,6,14,26,12
2017-06-20,2,31,3,32,6,14,3
2017-06-22,23,11,26,30,6,14,2
2017-06-25,6,16,3,23,26,30,14
2017-06-27,6,23,16,31,30,2,2
2017-06-29,19,1,6,3,29,21,7
2017-07-02,4,1,8,15,14,9,13
2017-07-04,22,17,2,1,4,15,14
2017-07-06,18,24,22,7,5,19,16
2017-07-09,3,27,23,14,7,25,8
2017-07-11,24,12,16,1,22,20,8
2017-07-13,3,14,5,30,26,25,5
2017-07-16,14,21,18,28,29,25,10
2017-07-18,8,14,24,20,3,26,12
2017-07-20,11,5,1,22,24,20,2
2017-07-23,1,25,30,6,5,16,9
2017-07-25,5,6,13,3,22,20,7
2017-07-27,28,3,19,14,13,6,6
2017-07-30,22,18,7,29,23,9,6
2017-08-01,16,11,12,13,23,25,12
2017-08-03,33,16,22,10,1,7,9
2017-08-06,7,10,28,5,23,29,3
2017-08-08,29,10,33,18,19,32,9
2017-08-10,22,7,27,9,15,8,12
2017-08-13,31,28,8,11,19,13,6
2017-08-15,22,9,19,12,29,10,16
2017-08-17,12,19,2,6,29,11,6
2017-08-20,18,10,30,31,19,5,3
2017-08-22,4,27,22,30,33,19,1
2017-08-24,6,5,16,28,29,2,4
2017-08-27,23,4,7,18,24,8,2
2017-08-29,11,28,1,32,4,31,16
2017-08-31,10,14,4,20,18,8,11
2017-09-03,25,31,33,1,21,23,1
2017-09-05,1,14,23,30,20,15,14
2017-09-07,3,12,6,25,7,26,7
2017-09-10,31,20,25,12,15,27,2
2017-09-12,32,30,8,9,15,17,6
2017-09-14,17,14,15,20,7,12,1
2017-09-17,21,16,8,14,18,23,16
2017-09-19,12,19,15,23,1,3,14
2017-09-21,19,10,5,32,17,29,12
2017-09-24,23,16,22,10,3,14,11
2017-09-26,29,6,4,33,16,27,5
2017-09-28,6,12,15,13,18,26,13
2017-10-01,11,4,31,25,10,30,1
2017-10-03,14,30,22,32,2,20,2
2017-10-05,11,8,2,1,14,21,9
2017-10-08,22,33,9,30,15,8,16
2017-10-10,31,9,25,26,21,16,14
2017-10-12,10,19,8,23,28,15,16
2017-10-15,32,19,22,18,24,11,7
2017-10-17,22,21,27,24,20,11,15
2017-10-19,6,31,4,21,11,5,10
2017-10-22,28,26,2,6,29,11,3
2017-10-24,25,23,14,1,29,30,3
2017-10-26,21,1,27,30,16,17,16
2017-10-29,21,24,14,27,32,15,12
2017-10-31,22,29,2,31,13,6,8
2017-11-02,14,33,9,21,6,5,2
2017-11-05,31,13,5,23,25,14,2
2017-11-07,7,27,10,1,11,26,11
2017-11-09,9,13,5,2,3,28,11
2017-11-12,30,23,18,15,17,6,11
2017-11-14,28,5,4,11,14,32,4
2017-11-16,7,14,18,6,1,26,16
2017-11-19,3,10,18,7,24,21,12
2017-11-21,26,10,23,31,5,20,3
2017-11-23,28,1,24,17,32,33,2
2017-11-26,28,14,24,2,20,32,16
2017-11-28,28,21,22,25,29,30,8
2017-11-30,7,6,11,13,1,15,5
2017-12-03,23,13,14,18,8,33,6
2017-12-05,14,6,29,20,4,9,14
2017-12-07,16,14,32,3,20,31,9
2017-12-10,17,12,28,6,25,2,12
2017-12-12,1,25,27,26,33,19,10
2017-12-14,25,31,7,20,3,21,14
2017-12-17,7,32,11,14,4,29,12
2017-12-19,30,20,5,8,27,15,13
2017-12-21,20,23,19,14,21,6,8
2017-12-24,9,7,27,2,11,5,16
2017-12-26,29,26,23,10,6,25,5
2017-12-28,13,11,7,18,19,12,16
2017-12-31,15,5,18,13,26,9,5
2018-01-02,28,11,26,1,31,8,4
2018-01-04,7,33,18,24,31,29,16
2018-01-07,16,31,20,1,14,17,4
2018-01-09,31,18,30,26,14,19,11
2018-01-11,31,20,21,2,33,28,6
2018-01-14,9,29,17,7,8,2,11
2018-01-16,31,20,13,25,27,14,12
2018-01-18,5,9,17,12,10,19,13
2018-01-21,10,17,26,23,5,32,7
2018-01-23,21,22,8,17,1,20,3
2018-01-25,27,10,3,21,23,33,11
2018-01-28,12,19,26,11,28,13,12
2018-01-30,8,13,33,15,22,6,6
2018-02-01,9,20,31,28,12,24,7
2018-02-04,11,26,21,15,20,33,15
2018-02-06,27,11,25,12,18,1,16
2018-02-08,6,30,3,11,26,32,12
2018-02-11,27,2,25,13,18,12,7
2018-02-13,21,16,23,11,3,12,9
2018-02-22,10,30,14,6,9,28,5
2018-02-25,4,11,28,6,23,3,14
2018-02-27,14,22,19,21,7,23,3
2018-03-01,16,29,26,12,15,21,16
2018-03-04,32,11,26,19,31,22,2
2018-03-06,25,13,4,21,16,19,14
2018-03-08,4,7,26,12,14,32,4
2018-03-11,28,7,14,9,18,2,5
2018-03-13,8,3,18,11,14,23,16
2018-03-15,2,22,9,14,25,1,5
2018-03-18,13,14,20,33,25,21,7
2018-03-20,19,16,30,27,18,2,14
2018-03-22,25,22,23,21,32,24,6
2018-03-25,33,20,4,19,28,22,6
2018-03-27,23,5,22,11,26,1,15
2018-03-29,10,7,23,17,11,28,15
2018-04-01,24,28,8,26,33,17,4
2018-04-03,30,8,1,7,6,27,10
2018-04-05,23,24,29,15,28,25,9
2018-04-08,32,12,19,8,18,23,3
2018-04-10,18,3,8,23,1,13,16
2018-04-12,23,8,7,24,20,32,13
2018-04-15,31,21,28,6,29,10,12
2018-04-17,21,4,6,8,1,24,7
2018-04-19,9,30,27,17,12,5,6
2018-04-22,4,30,6,25,3,26,1
2018-04-24,10,18,14,20,13,31,3
2018-04-26,7,25,12,6,22,16,7
2018-04-29,31,25,20,12,30,1,2
2018-05-01,19,3,1,11,4,23,2
2018-05-03,4,2,1,10,18,19,7
2018-05-06,27,31,5,20,23,7,4
2018-05-08,6,3,15,9,5,32,14
2018-05-10,11,27,4,14,10,1,6
2018-05-13,33,4,6,22,18,25,16
2018-05-15,7,9,22,26,12,10,7
2018-05-17,20,3,6,21,1,26,1
2018-05-20,19,15,20,17,30,5,13
2018-05-22,7,16,13,31,12,26,7
2018-05-24,22,6,4,32,13,8,11
2018-05-27,13,8,31,25,4,30,10
2018-05-29,10,18,23,11,9,12,7
2018-05-31,19,24,33,2,25,18,11
2018-06-03,5,16,10,25,20,6,12
2018-06-05,11,21,5,17,10,2,5
2018-06-07,6,1,28,4,33,14,1
2018-06-10,22,16,17,19,9,26,10
2018-06-12,12,9,1,18,15,4,5
2018-06-14,8,10,17,30,20,27,1
2018-06-17,23,6,31,19,13,17,12
2018-06-19,4,19,16,27,9,15,10
2018-06-21,13,16,5,6,19,2,3
2018-06-24,16,22,25,19,11,30,8
2018-06-26,9,23,2,15,16,14,10
2018-06-28,30,27,9,20,11,14,9
2018-07-01,9,22,13,24,7,12,11
2018-07-03,30,3,29,15,7,8,13
2018-07-05,5,24,20,15,9,2,10
2018-07-08,10,18,3,30,14,17,12
2018-07-10,17,15,29,22,24,14,13
2018-07-12,33,20,4,13,7,29,3
2018-07-15,26,2,20,12,16,1,3
2018-07-17,20,22,14,24,12,6,9
2018-07-19,33,4,32,18,9,21,3
2018-07-22,6,22,24,8,12,5,3
2018-07-24,10,30,4,26,33,25,6
2018-07-26,21,7,23,17,2,26,16
2018-07-29,1,31,5,18,16,10,3
2018-07-31,29,30,3,12,5,32,14
2018-08-02,6,27,18,12,9,14,14
2018-08-05,4,10,1,23,2,14,7
2018-08-07,13,25,6,11,32,17,7
2018-08-09,10,19,16,6,24,33,16
2018-08-12,21,18,29,33,4,20,7
2018-08-14,7,30,16,20,24,4,5
2018-08-16,26,12,21,10,33,11,9
2018-08-19,32,5,28,9,1,20,12
2018-08-21,25,17,28,2,1,20,13
2018-08-23,11,10,29,32,20,6,13
2018-08-26,3,32,14,8,7,25,6
2018-08-28,2,15,29,14,11,33,2
2018-08-30,29,33,1,3,14,26,9
2018-09-02,21,6,11,28,2,19,5
2018-09-04,22,15,23,2,9,24,16
2018-09-06,25,6,3,2,29,19,1
2018-09-09,25,13,18,4,5,19,1
2018-09-11,19,18,26,24,4,25,10
2018-09-13,12,20,2,1,22,5,1
2018-09-16,26,30,13,5,18,21,2
2018-09-18,31,23,11,10,33,18,15
2018-09-20,11,13,23,21,22,16,2
2018-09-23,14,24,28,7,1,25,8
2018-09-25,18,26,8,31,25,5,4
2018-09-27,9,16,1,6,26,25,9
2018-09-30,1,16,20,15,7,27,14
2018-10-02,26,1,24,29,13,19,11
2018-10-04,17,22,5,14,23,28,15
2018-10-07,8,15,17,25,23,11,5
2018-10-09,31,8,22,12,27,21,9
2018-10-11,25,16,13,3,27,14,12
2018-10-14,33,4,3,26,27,18,1
2018-10-16,25,14,19,6,23,8,11
2018-10-18,32,5,30,22,20,7,10
2018-10-21,27,31,13,21,24,32,1
2018-10-23,9,13,22,19,14,25,2
2018-10-25,11,32,3,14,10,15,2
2018-10-28,14,9,22,6,8,1,5
2018-10-30,5,11,7,15,2,6,12
2018-11-01,8,7,6,23,19,22,2
2018-11-04,4,18,19,6,2,16,16
2018-11-06,5,24,28,12,17,18,12
2018-11-08,33,31,21,22,24,32,1
2018-11-11,15,9,1,10,2,22,6
2018-11-13,12,18,11,4,32,2,13
2018-11-15,31,3,33,32,16,18,12
2018-11-18,1,29,6,10,3,11,16
2018-11-20,15,26,10,12,25,27,14
2018-11-22,23,20,11,15,5,3,9
2018-11-25,32,25,10,1,30,27,9
2018-11-27,23,32,31,20,11,18,15
2018-11-29,25,15,22,28,20,1,14
2018-12-02,18,16,14,33,11,24,4
2018-12-04,5,11,28,10,8,27,11
2018-12-06,32,28,4,15,6,33,14
2018-12-09,13,20,27,17,8,18,13
2018-12-11,23,25,22,3,13,9,6
2018-12-13,17,10,29,18,11,2,16
2018-12-16,30,3,27,23,17,15,11
2018-12-18,18,21,19,3,6,31,1
2018-12-20,1,8,7,24,10,12,1
2018-12-23,15,31,19,8,20,6,5
2018-12-25,19,29,26,15,5,25,15
2018-12-27,14,4,23,29,16,28,3
2018-12-30,17,7,23,25,1,31,11
2019-01-01,32,33,13,15,6,10,15
2019-01-03,18,6,4,8,5,9,11
2019-01-06,20,21,22,17,13,27,1
2019-01-08,8,26,32,16,12,19,3
2019-01-10,28,22,31,32,21,26,7
2019-01-13,1,10,19,26,28,5,12
2019-01-15,15,23,6,14,10,19,15
2019-01-17,28,32,13,2,6,9,12
2019-01-20,22,31,1,10,7,32,15
2019-01-22,11,8,2,30,5,4,2
2019-01-24,19,13,30,10,24,21,7
2019-01-27,33,7,23,31,10,21,14
2019-01-29,5,7,16,18,21,14,1
2019-01-31,19,14,1,2,33,3,3
2019-02-03,15,31,24,20,16,11,4
2019-02-12,11,5,9,7,25,19,5
2019-02-14,24,5,4,30,28,33,9
2019-02-17,19,32,18,4,26,11,4
2019-02-19,11,25,3,17,18,24,6
2019-02-21,12,2,27,28,13,23,12
2019-02-24,8,5,7,27,2,20,4
2019-02-26,30,21,33,3,11,7,7
2019-02-28,10,31,14,1,15,18,13
2019-03-03,23,29,28,8,25,1,10
2019-03-05,21,33,15,16,27,30,4
2019-03-07,27,3,19,13,15,20,14
2019-03-10,6,10,11,8,2,17,13
2019-03-12,29,30,26,4,22,19,11
2019-03-14,32,17,33,23,8,11,10
2019-03-17,10,4,22,5,12,7,16
2019-03-19,18,21,15,13,3,33,16
2019-03-21,13,8,33,28,9,4,4
2019-03-24,15,21,29,23,19,9,15
2019-03-26,11,9,26,24,22,15,3
2019-03-28,1,9,5,20,10,7,16
2019-03-31,23,10,13,2,32,16,8
2019-04-02,18,1,14,25,7,12,10
2019-04-04,21,30,12,9,27,29,5
2019-04-07,7,27,11,32,6,14,8
2019-04-09,23,5,9,18,31,6,11
2019-04-11,26,13,2,24,9,23,16
2019-04-14,22,25,26,15,19,17,4
2019-04-16,1,13,32,6,12,24,13
2019-04-18,23,16,17,29,14,6,7
2019-04-21,31,1,27,6,17,19,14
2019-04-23,2,16,12,32,25,22,6
2019-04-25,18,25,3,11,30,33,14
2019-04-28,29,18,3,7,10,12,10
2019-04-30,23,13,3,28,22,10,15
2019-05-02,4,10,11,21,6,23,2
2019-05-05,10,15,9,28,8,13,9
2019-05-07,9,3,16,19,6,13,16
2019-05-09,22,31,16,4,25,29,8
2019-05-12,15,26,7,10,24,11,11
2019-05-14,31,6,1,19,15,11,10
2019-05-16,19,21,14,13,17,29,1
2019-05-19,18,4,13,5,6,8,16
2019-05-21,7,12,8,27,21,23,12
2019-05-23,9,5,18,16,4,7,6
2019-05-26,14,20,3,27,23,4,1
2019-05-28,27,17,19,24,3,31,12
2019-05-30,30,7,26,16,23,13,1
2019-06-02,1,14,29,22,31,19,16
2019-06-04,25,20,33,12,24,30,12
2019-06-06,6,15,26,20,11,9,10
2019-06-09,14,20,17,22,1,32,4
2019-06-11,4,8,33,6,30,11,11
2019-06-13,20,26,33,24,3,14,10
2019-06-16,21,11,6,25,19,16,1
2019-06-18,18,15,19,32,24,6,9
2019-06-20,29,8,1,24,19,30,4
2019-06-23,13,9,22,30,15,2,15
2019-06-25,12,18,16,1,2,6,8
2019-06-27,33,29,21,12,31,27,4
2019-06-30,33,20,5,8,31,22,3
2019-07-02,12,20,15,29,32,19,14
2019-07-04,22,11,18,13,21,9,15
2019-07-07,1,29,27,33,31,17,12
2019-07-09,1,31,9,3,19,6,16
2019-07-11,3,6,8,32,24,20,7
2019-07-14,27,32,5,31,24,29,10
2019-07-16,19,28,22,7,16,24,2
2019-07-18,6,31,15,28,26,17,3
2019-07-21,4,27,14,20,8,18,3
2019-07-23,1,4,18,29,24,14,4
2019-07-25,26,31,22,24,28,16,6
2019-07-28,7,21,30,4,9,5,4
2019-07-30,21,29,14,15,23,13,13
2019-08-01,2,14,20,4,16,22,11
2019-08-04,8,2,6,14,3,22,4
2019-08-06,24,21,32,10,29,7,11
2019-08-08,33,27,32,9,28,17,8
2019-08-11,22,8,5,20,9,7,2
2019-08-13,10,27,12,5,19,18,6
2019-08-15,14,28,2,5,19,21,1
2019-08-18,27,18,7,5,12,32,11
2019-08-20,18,3,25,5,31,24,9
2019-08-22,14,11,3,12,17,26,9
2019-08-25,22,23,30,14,27,7,8
2019-08-27,1,30,32,4,13,12,8
2019-08-29,21,31,1,9,4,33,5
2019-09-01,3,32,16,8,20,12,12
2019-09-03,21,27,14,4,29,12,12
2019-09-05,24,1,16,5,17,18,10
2019-09-08,17,33,26,13,15,2,1
2019-09-10,22,14,33,30,27,2,14
2019-09-12,6,8,2,32,23,27,2
2019-09-15,19,32,13,25,22,7,13
2019-09-17,28,7,6,17,31,3,10
2019-09-19,28,26,18,22,1,27,8
2019-09-22,22,24,20,33,7,18,1
2019-09-24,3,17,23,14,27,12,1
2019-09-26,1,25,33,19,5,21,15
2019-09-29,11,12,30,9,4,2,1
2019-10-08,11,14,29,15,10,4,5
2019-10-10,33,9,13,8,16,1,1
2019-10-13,5,33,11,28,3,32,1
2019-10-15,15,25,12,31,28,14,4
2019-10-17,4,22,26,24,20,33,7
2019-10-20,31,10,32,33,12,27,3
2019-10-22,31,21,2,30,6,15,2
2019-10-24,4,21,19,10,15,23,2
2019-10-27,6,17,2,28,8,30,6
2019-10-29,32,9,31,33,4,30,1
2019-10-31,29,27,2,12,26,11,3
2019-11-03,14,17,33,2,29,32,16
2019-11-05,2,7,24,12,17,6,10
2019-11-07,16,3,12,17,8,19,8
2019-11-10,15,3,4,7,26,9,7
2019-11-12,9,32,11,1,24,7,16
2019-11-14,24,9,31,17,19,20,4
2019-11-17,19,4,11,6,14,33,7
2019-11-19,7,3,16,24,31,21,7
2019-11-21,30,22,6,1,4,29,3
2019-11-24,27,6,11,10,33,3,3
2019-11-26,29,33,15,12,17,14,12
2019-11-28,31,23,7,10,19,13,6
2019-12-01,6,32,31,30,2,12,11
2019-12-03,33,8,20,23,30,14,11
2019-12-05,11,9,4,22,2,14,5
2019-12-08,33,17,13,15,10,14,14
2019-12-10,24,27,29,8,33,14,9
2019-12-12,32,13,5,26,15,16,9
2019-12-15,2,30,19,15,12,27,3
2019-12-17,13,8,17,1,18,19,16
2019-12-19,12,10,1,30,4,32,14
2019-12-22,23,12,27,1,14,9,12
2019-12-24,26,10,9,13,27,20,8
2019-12-26,6,27,28,31,1,33,7
2019-12-29,22,2,14,27,29,9,2
2019-12-31,18,2,26,6,9,24,14
2020-01-02,15,26,2,29,30,23,2
2020-01-05,29,15,14,4,16,9,11
2020-01-07,9,30,32,17,26,29,3
2020-01-09,27,15,2,32,17,33,3
2020-01-12,22,11,26,32,16,17,4
2020-01-14,10,4,5,16,3,32,9
2020-01-16,17,25,20,12,31,5,10
2020-01-19,10,1,11,6,28,4,16
2020-01-21,8,6,14,19,26,3,12
2020-03-12,14,22,32,11,31,27,9
2020-03-15,7,5,4,29,17,18,1
2020-03-17,31,14,23,4,26,13,9
2020-03-19,8,20,30,2,21,10,14
2020-03-22,12,2,8,10,7,16,7
2020-03-24,9,8,30,22,24,33,1
2020-03-26,17,8,24,6,5,27,7
2020-03-29,7,27,15,4,20,2,4
2020-03-31,7,5,11,17,22,8,13
2020-04-02,28,19,27,33,30,15,3
2020-04-05,13,1,9,6,15,22,14
2020-04-07,16,27,2,14,31,6,7
2020-04-09,10,20,2,22,25,30,2
2020-04-12,30,33,4,20,5,21,8
2020-04-14,10,28,13,27,31,29,8
2020-04-16,15,20,29,1,9,10,2
2020-04-19,31,19,1,9,4,18,6
2020-04-21,25,14,24,12,28,13,6
2020-04-23,32,15,5,6,18,26,8
2020-04-26,12,1,18,20,30,32,5
2020-04-28,18,30,29,17,21,32,3
2020-04-30,9,16,5,15,2,27,9
2020-05-03,15,13,14,3,11,26,13
2020-05-05,12,7,10,32,21,31,1
2020-05-07,32,8,16,26,2,15,3
2020-05-10,14,25,33,28,10,24,11
2020-05-12,22,32,9,7,16,24,6
2020-05-14,1,17,24,4,13,11,15
2020-05-17,24,1,18,23,6,7,15
2020-05-19,29,2,16,10,9,11,2
2020-05-21,19,12,6,21,16,1,4
2020-05-24,22,7,25,6,24,16,13
2020-05-26,7,2,31,11,14,6,3
2020-05-28,24,30,1,11,25,27,7
2020-05-31,8,24,17,7,16,19,7
2020-06-02,33,2,3,22,21,15,16
2020-06-04,26,32,27,13,25,19,8
2020-06-07,32,10,28,19,17,4,1
2020-06-09,30,32,23,18,14,12,2
2020-06-11,22,1,12,18,9,7,4
2020-06-14,9,4,32,17,20,33,15
2020-06-16,3,8,6,28,11,19,8
2020-06-18,29,13,33,2,32,8,15
2020-06-21,14,16,32,15,33,2,1
2020-06-23,31,25,3,26,10,19,2
2020-06-25,5,23,7,1,28,30,12
2020-06-28,31,8,5,2,12,26,14
2020-06-30,14,26,23,9,21,32,3
2020-07-02,11,1,3,12,26,19,7
2020-07-05,10,25,17,4,2,22,14
2020-07-07,5,14,9,24,30,20,8
2020-07-09,27,31,24,26,17,8,4
2020-07-12,22,17,10,26,27,14,5
2020-07-14,29,15,12,22,16,32,14
2020-07-16,3,32,21,1,27,7,1
2020-07-19,23,21,15,26,9,18,8
2020-07-21,17,26,28,9,13,2,7
2020-07-23,23,4,30,9,7,27,8
2020-07-26,26,12,32,21,16,27,10
2020-07-28,3,9,13,18,10,26,4
2020-07-30,4,21,2,1,6,19,15
2020-08-02,12,9,22,23,11,13,8
2020-08-04,10,26,17,15,6,8,4
2020-08-06,29,5,13,7,27,11,3
2020-08-09,4,19,9,33,8,13,12
2020-08-11,30,11,13,3,20,24,16
2020-08-13,10,18,27,16,15,20,6
2020-08-16,3,21,27,25,10,16,12
2020-08-18,16,11,21,32,14,3,4
2020-08-20,20,21,12,22,29,5,14
2020-08-23,18,33,31,14,15,22,1
2020-08-25,1,13,14,5,27,33,15
2020-08-27,11,30,21,17,2,8,9
2020-08-30,1,31,26,30,19,25,12
2020-09-01,7,3,17,16,23,30,7
2020-09-03,19,1,24,2,9,5,16
2020-09-06,24,2,27,6,15,4,6
2020-09-08,33,23,15,20,25,11,10
2020-09-10,26,12,29,1,30,6,12
2020-09-13,21,30,16,2,29,14,10
2020-09-15,31,26,23,2,32,21,6
2020-09-17,19,11,12,9,16,1,16
2020-09-20,18,12,1,24,6,22,3
2020-09-22,4,19,15,10,5,13,15
2020-09-24,31,29,17,27,10,15,8
2020-09-27,26,9,3,17,20,16,2
2020-09-29,26,27,20,32,23,1,15
2020-10-06,8,30,26,25,21,2,10
2020-10-08,6,33,8,11,25,22,2
2020-10-11,5,6,30,15,12,11,12
2020-10-13,7,15,1,16,23,20,7
2020-10-15,28,25,10,17,24,30,15
2020-10-18,29,9,25,10,19,26,8
2020-10-20,9,32,4,22,28,10,8
2020-10-22,4,10,27,16,8,29,9
2020-10-25,19,6,20,24,14,22,1
2020-10-27,15,4,2,28,18,11,10
2020-10-29,3,9,11,25,24,28,16
2020-11-01,32,15,17,12,10,23,5
2020-11-03,6,13,16,20,23,32,13
2020-11-05,25,14,6,2,22,9,4
2020-11-08,17,6,22,24,26,9,16
2020-11-10,2,28,12,32,9,17,5
2020-11-12,22,32,7,3,10,1,11
2020-11-15,24,30,32,1,5,11,3
2020-11-17,20,32,25,12,4,1,2
2020-11-19,5,6,27,14,16,19,10
2020-11-22,9,16,7,10,8,27,7
2020-11-24,26,11,30,19,13,33,5
2020-11-26,33,1,28,9,22,32,15
2020-11-29,10,4,2,3,1,9,12
2020-12-01,4,2,21,6,25,29,3
2020-12-03,26,17,12,24,31,15,15
2020-12-06,19,29,18,26,1,3,3
2020-12-08,33,29,19,20,18,16,12
2020-12-10,30,12,16,26,5,31,13
2020-12-13,14,7,28,23,3,12,11
2020-12-15,1,26,18,19,4,31,7
2020-12-17,23,16,26,8,15,10,10
2020-12-20,15,1,2,33,28,5,4
2020-12-22,9,11,14,8,29,17,16
2020-12-24,19,8,22,30,27,26,7
2020-12-27,12,14,1,23,11,4,4
2020-12-29,23,3,27,19,22,29,7
2020-12-31,9,10,22,2,20,26,1
2021-01-03,13,18,2,20,3,31,11
2021-01-05,10,32,25,6,26,13,11
2021-01-07,22,16,29,6,18,9,11
2021-01-10,8,2,7,22,3,17,15
2021-01-12,14,7,9,30,26,31,4
2021-01-14,22,25,26,6,24,8,1
2021-01-17,2,4,25,12,32,21,16
2021-01-19,7,14,18,1,33,5,7
2021-01-21,2,4,25,32,24,7,13
2021-01-24,33,11,1,19,4,32,5
2021-01-26,23,33,16,27,5,10,14
2021-01-28,26,18,6,20,14,3,1
2021-01-31,27,6,9,31,12,16,6
2021-02-02,4,25,29,21,33,15,6
2021-02-04,14,6,29,26,16,28,7
2021-02-07,8,3,18,15,13,9,10
2021-02-21,9,33,15,18,32,29,2
2021-02-23,32,25,2,8,14,23,6
2021-02-25,12,29,17,24,16,28,8
2021-02-28,9,3,1,11,7,6,2
2021-03-02,17,28,4,24,8,33,13
2021-03-04,32,10,31,25,15,17,6
2021-03-07,21,22,27,23,2,28,11
2021-03-09,6,4,10,11,18,1,2
2021-03-11,17,18,14,8,6,30,11
2021-03-14,20,19,5,3,13,25,3
2021-03-16,5,7,16,20,9,26,8
2021-03-18,23,27,26,16,11,33,5
2021-03-21,8,15,30,22,17,10,12
2021-03-23,29,13,27,8,31,9,5
2021-03-25,28,11,6,31,25,21,7
2021-03-28,30,5,16,1,15,8,3
2021-03-30,33,12,31,2,13,14,6
2021-04-01,18,12,23,25,4,10,1
2021-04-04,26,14,20,18,28,12,11
2021-04-06,1,26,2,11,21,6,11
2021-04-08,24,13,26,19,30,17,12
2021-04-11,7,9,5,27,16,18,6
2021-04-13,21,24,31,2,29,8,13
2021-04-15,2,7,6,24,28,29,16
2021-04-18,32,18,9,2,23,26,14
2021-04-20,5,27,22,10,9,25,8
2021-04-22,17,24,18,23,2,3,1
2021-04-25,17,7,26,28,5,14,13
2021-04-27,15,14,4,17,32,1,2
2021-04-29,9,13,5,28,21,33,6
2021-05-02,13,3,29,16,24,7,1
2021-05-04,22,4,32,15,17,29,3
2021-05-06,4,25,32,13,22,11,1
2021-05-09,2,16,9,25,10,28,8
2021-05-11,8,29,10,19,9,27,15
2021-05-13,4,30,3,6,21,19,14
2021-05-16,7,16,33,14,10,24,16
2021-05-18,13,22,7,31,21,24,2
2021-05-20,12,3,11,28,16,22,10
2021-05-23,8,29,21,32,23,22,1
2021-05-25,6,5,17,25,33,9,16
2021-05-27,9,11,13,18,19,28,14
2021-05-30,33,9,18,11,1,32,14
2021-06-01,20,11,29,10,17,30,15
2021-06-03,9,4,20,23,18,12,1
2021-06-06,12,25,20,15,22,13,10
2021-06-08,24,6,23,4,5,9,9
2021-06-10,18,4,6,8,15,16,16
2021-06-13,33,8,1,29,19,4,16
2021-06-15,6,30,26,33,2,19,15
2021-06-17,19,23,25,11,1,29,9
2021-06-20,14,4,18,31,32,24,15
2021-06-22,26,11,6,23,20,18,5
2021-06-24,11,29,1,15,5,16,15
2021-06-27,31,32,33,1,7,24,8
2021-06-29,15,21,1,16,19,9,15
2021-07-01,25,6,22,1,18,24,8
2021-07-04,9,25,4,27,5,14,7
2021-07-06,15,21,16,12,29,22,1
2021-07-08,30,21,32,9,23,3,6
2021-07-11,27,17,30,8,25,15,10
2021-07-13,15,27,4,26,31,6,12
2021-07-15,10,1,29,3,28,24,13
2021-07-18,5,8,23,29,24,22,9
2021-07-20,5,3,1,18,22,23,1
2021-07-22,32,13,3,6,26,11,5
2021-07-25,25,4,28,9,33,11,4
2021-07-27,5,21,7,28,11,9,1
2021-07-29,14,5,7,6,20,11,2
2021-08-01,29,6,10,14,8,28,1
2021-08-03,19,23,16,24,13,2,4
2021-08-05,4,12,26,15,19,16,6
2021-08-08,7,1,24,23,2,13,12
2021-08-10,12,27,14,28,5,6,8
2021-08-12,6,16,4,26,33,24,16
2021-08-15,31,2,7,10,12,8,3
2021-08-17,23,11,33,5,28,15,3
2021-08-19,25,11,33,9,28,24,15
2021-08-22,27,28,17,24,12,8,13
2021-08-24,7,26,14,15,1,11,11
2021-08-26,3,25,11,13,12,28,12
2021-08-29,10,26,32,13,18,1,5
2021-08-31,18,17,9,20,27,11,15
2021-09-02,9,7,14,12,29,13,16
2021-09-05,12,4,2,29,31,22,1
2021-09-07,24,5,15,9,27,30,9
2021-09-09,29,30,13,10,15,25,15
2021-09-12,7,1,17,20,28,22,15
2021-09-14,10,22,15,32,14,27,9
2021-09-16,30,7,4,14,31,1,3
2021-09-19,25,30,2,19,17,3,1
2021-09-21,26,32,15,11,24,18,9
2021-09-23,10,26,20,17,3,2,16
2021-09-26,32,10,13,24,15,31,2
2021-09-28,23,22,20,17,26,28,6
2021-09-30,5,28,25,21,6,33,7
2021-10-05,30,10,27,7,22,4,2
2021-10-07,24,27,6,14,4,8,2
2021-10-10,2,15,12,24,27,10,8
2021-10-12,14,6,33,17,18,31,6
2021-10-14,5,33,21,27,17,3,4
2021-10-17,2,18,31,6,20,14,13
2021-10-19,10,29,28,11,3,9,13
2021-10-21,12,8,18,7,13,1,5
2021-10-24,4,22,12,16,5,30,15
2021-10-26,4,12,28,18,5,15,7
2021-10-28,31,19,15,14,6,29,5
2021-10-31,18,1,3,22,32,29,2
2021-11-02,31,19,14,23,20,24,9
2021-11-04,28,27,19,23,31,20,1
2021-11-07,29,15,20,16,27,7,7
2021-11-09,23,5,20,17,21,33,4
2021-11-11,4,28,21,15,29,27,10
2021-11-14,15,24,26,30,9,8,6
2021-11-16,8,20,18,19,24,11,1
2021-11-18,6,4,14,28,20,1,8
2021-11-21,1,31,19,3,27,12,10
2021-11-23,2,31,1,25,19,16,8
2021-11-25,21,19,31,10,3,17,4
2021-11-28,2,15,9,28,19,6,16
2021-11-30,10,24,14,21,3,7,1
2021-12-02,14,15,32,27,11,16,9
2021-12-05,14,24,12,23,27,19,1
2021-12-07,26,16,5,27,10,33,1
2021-12-09,14,19,23,1,30,26,10
2021-12-12,20,4,7,17,24,19,16
2021-12-14,29,1,9,11,20,13,9
2021-12-16,26,13,15,2,5,23,7
2021-12-19,10,14,26,7,16,4,9
2021-12-21,9,21,7,32,22,26,3
2021-12-23,10,28,11,13,27,5,9
2021-12-26,12,20,17,19,10,15,8
2021-12-28,32,15,10,19,5,18,5
2021-12-30,24,21,20,9,14,26,4
2022-01-02,21,13,6,17,20,15,3
2022-01-04,12,25,2,21,23,31,8
2022-01-06,5,16,2,17,30,18,6
2022-01-09,30,32,5,19,24,28,14
2022-01-11,16,12,31,19,10,7,16
2022-01-13,6,22,31,3,15,9,2
2022-01-16,25,28,23,20,22,1,16
2022-01-18,7,3,9,21,20,2,13
2022-01-20,4,25,17,19,28,15,16
2022-01-23,12,20,32,19,21,18,15
2022-01-25,25,33,15,24,6,23,15
2022-01-27,8,30,29,31,7,4,1
2022-02-08,18,3,10,4,7,2,15
2022-02-10,27,15,13,7,6,14,4
2022-02-13,6,16,27,28,31,14,7
2022-02-15,10,19,31,29,20,5,14
2022-02-17,9,24,6,32,29,30,7
2022-02-20,17,11,7,30,16,32,16
2022-02-22,21,5,25,14,20,6,8
2022-02-24,32,9,14,11,30,22,1
2022-02-27,24,7,26,3,31,22,14
2022-03-01,15,7,17,11,1,19,6
2022-03-03,24,12,19,7,17,25,2
2022-03-06,7,19,10,14,24,9,15
2022-03-08,6,32,25,28,19,24,4
2022-03-10,15,3,10,4,24,22,2
2022-03-13,32,26,14,19,15,18,9
2022-03-15,20,23,5,22,11,29,9
2022-03-17,8,10,26,32,3,13,8
2022-03-20,26,23,12,30,24,27,5
2022-03-22,32,11,26,22,10,1,7
2022-03-24,14,23,10,32,11,4,7
2022-03-27,22,12,19,5,25,26,5
2022-03-29,32,33,31,26,17,14,10
2022-03-31,8,25,19,12,13,23,15
2022-04-03,3,16,26,14,31,2,2
2022-04-05,20,13,1,22,32,10,14
2022-04-07,13,9,32,16,12,24,4
2022-04-10,15,7,10,6,2,20,5
2022-04-12,16,3,14,12,31,33,12
2022-04-14,29,7,5,24,22,21,14
2022-04-17,30,11,5,21,22,10,13
2022-04-19,25,17,20,23,27,2,8
2022-04-21,8,21,29,1,23,7,6
2022-04-24,18,17,19,12,28,3,4
2022-04-26,2,11,25,27,24,30,14
2022-04-28,27,30,8,3,14,7,9
2022-05-01,7,20,31,26,5,17,14
2022-05-03,2,4,25,7,26,18,10
2022-05-05,14,27,8,33,5,3,8
2022-05-08,5,21,17,11,33,2,1
2022-05-10,32,27,31,7,24,29,15
2022-05-12,18,10,14,27,33,23,15
2022-05-15,8,27,21,28,12,33,11
2022-05-17,2,9,28,33,4,26,3
2022-05-19,1,17,14,6,11,26,15
2022-05-22,15,30,33,12,20,26,16
2022-05-24,23,33,6,14,31,13,1
2022-05-26,18,9,6,29,33,19,6
2022-05-29,18,32,24,19,16,28,1
2022-05-31,1,18,29,16,33,3,6
2022-06-02,23,33,16,18,20,21,5
2022-06-05,9,22,31,17,6,8,11
2022-06-07,31,13,17,12,6,4,16
2022-06-09,23,9,18,31,28,14,2
2022-06-12,14,20,11,27,30,6,9
2022-06-14,13,1,5,26,29,21,15
2022-06-16,29,26,7,12,15,24,6
2022-06-19,29,7,19,26,13,6,8
2022-06-21,28,4,33,9,27,6,2
2022-06-23,29,7,4,18,15,33,1
2022-06-26,14,5,15,32,18,16,12
2022-06-28,29,10,26,14,15,6,12
2022-06-30,29,33,15,19,7,5,15
2022-07-03,1,2,26,25,30,4,10
2022-07-05,29,9,13,10,24,8,2
2022-07-07,27,19,17,18,20,3,16
2022-07-10,17,1,4,31,5,15,9
2022-07-12,17,15,9,23,1,22,16
2022-07-14,17,18,12,15,27,5,4
2022-07-17,11,30,27,4,8,21,1
2022-07-19,10,11,4,30,32,23,14
2022-07-21,19,13,8,12,14,20,5
2022-07-24,32,25,24,3,23,18,9
2022-07-26,33,31,9,14,7,32,13
2022-07-28,4,21,24,8,23,1,11
2022-07-31,23,9,5,25,6,13,8
2022-08-02,15,17,22,20,3,9,6
2022-08-04,29,31,15,2,33,7,15
2022-08-07,1,29,30,27,4,25,7
2022-08-09,24,18,20,28,22,8,10
2022-08-11,21,20,7,27,10,16,11
2022-08-14,32,29,22,21,24,28,14
2022-08-16,16,6,11,31,19,13,2
2022-08-18,28,14,18,4,13,20,8
2022-08-21,16,25,19,17,3,33,7
2022-08-23,4,13,5,10,30,31,14
2022-08-25,33,6,21,3,2,4,5
2022-08-28,24,11,23,26,32,1,15
2022-08-30,6,21,20,2,15,7,15
2022-09-01,19,27,4,28,18,16,4
2022-09-04,10,32,12,9,29,18,14
2022-09-06,14,12,9,20,6,28,10
2022-09-08,1,25,31,19,8,26,1
2022-09-11,23,13,6,12,15,21,15
2022-09-13,17,23,20,24,22,31,1
2022-09-15,28,3,9,15,19,11,16
2022-09-18,18,17,13,1,7,31,15
2022-09-20,13,4,19,33,11,22,11
2022-09-22,28,18,20,9,13,15,15
2022-09-25,11,28,31,2,13,10,1
2022-09-27,31,8,25,3,5,17,1
2022-09-29,14,13,29,27,20,24,2
2022-10-06,19,15,26,5,29,1,13
2022-10-09,6,27,18,29,20,7,9
2022-10-11,33,30,26,8,27,14,1
2022-10-13,17,4,29,13,28,18,6
2022-10-16,14,7,6,33,11,2,8
2022-10-18,2,18,5,27,26,15,4
2022-10-20,15,26,29,19,2,27,2
2022-10-23,17,30,31,27,22,12,2
2022-10-25,24,28,19,17,8,6,5
2022-10-27,16,25,21,20,10,13,5
2022-10-30,24,18,5,26,10,13,1
2022-11-01,12,31,20,3,7,2,16
2022-11-03,1,13,26,15,33,17,13
2022-11-06,29,4,10,3,9,33,13
2022-11-08,12,24,18,3,27,29,1
2022-11-10,10,12,14,22,27,24,7
2022-11-13,26,8,17,28,15,2,12
2022-11-15,5,29,19,3,10,13,6
2022-11-17,33,26,32,18,1,3,4
2022-11-20,17,16,8,5,25,21,12
2022-11-22,31,1,14,5,17,24,14
2022-11-24,13,24,9,32,28,11,6
2022-11-27,8,18,22,15,10,14,8
2022-11-29,28,23,27,33,21,8,1
2022-12-01,28,21,19,14,2,25,11
2022-12-04,9,16,6,19,7,17,14
2022-12-06,27,20,19,18,9,8,15
2022-12-08,27,17,13,5,20,12,14
2022-12-11,21,3,16,13,1,27,3
2022-12-13,29,30,33,7,13,8,3
2022-12-15,23,31,32,20,22,7,5
2022-12-18,30,21,31,3,33,25,11
2022-12-20,31,26,13,18,7,6,6
2022-12-22,30,2,20,7,3,13,10
2022-12-25,15,17,16,21,31,2,14
2022-12-27,29,33,26,32,22,2,14
2022-12-29,7,28,1,22,11,12,5
2023-01-01,32,16,22,18,9,28,2
2023-01-03,2,16,10,6,22,18,13
2023-01-05,32,18,8,25,30,5,6
2023-01-08,16,20,1,15,7,25,16
2023-01-10,13,14,6,8,19,2,16
2023-01-12,2,12,14,24,26,10,5
2023-01-15,5,25,31,9,22,6,3
2023-01-17,13,26,5,18,20,28,6
2023-01-29,4,19,30,3,32,23,6
2023-01-31,18,27,5,4,13,29,12
2023-02-02,22,7,6,16,17,21,4
2023-02-05,7,26,22,4,3,30,6
2023-02-07,14,6,23,22,33,10,13
2023-02-09,23,30,6,18,7,27,5
2023-02-12,32,2,29,3,14,21,8
2023-02-14,14,16,30,19,23,28,3
2023-02-16,26,18,28,20,5,11,12
2023-02-19,10,19,12,17,25,31,13
2023-02-21,12,29,6,32,26,28,15
2023-02-23,1,26,17,27,18,12,5
2023-02-26,5,19,2,27,6,21,4
2023-02-28,10,19,31,23,11,18,3
2023-03-02,10,24,8,5,25,15,9
2023-03-05,3,27,6,28,9,17,3
2023-03-07,21,4,20,16,31,32,14
2023-03-09,31,18,1,26,33,30,3
2023-03-12,27,10,8,32,22,33,8
2023-03-14,10,22,7,5,20,17,14
2023-03-16,28,33,3,7,24,12,8
2023-03-19,7,2,16,31,30,3,6
2023-03-21,14,27,33,7,31,29,5
2023-03-23,26,28,6,20,33,19,1
2023-03-26,8,13,24,23,9,26,5
2023-03-28,9,11,2,17,3,12,15
2023-03-30,10,20,9,4,1,33,6
2023-04-02,24,19,18,14,13,30,9
2023-04-04,8,25,29,26,23,31,12
2023-04-06,9,2,33,14,17,31,8
2023-04-09,28,13,2,19,3,9,9
2023-04-11,17,29,9,24,31,16,8
2023-04-13,1,6,13,15,24,12,6
2023-04-16,20,27,30,23,17,10,10
2023-04-18,8,12,28,5,24,20,10
2023-04-20,15,8,26,2,24,22,16
2023-04-23,3,21,6,12,28,27,4
2023-04-25,17,6,8,26,28,25,3
2023-04-27,23,5,33,14,7,31,7
2023-04-30,24,10,2,30,28,3,8
2023-05-02,7,14,25,5,23,27,2
2023-05-04,23,7,22,2,9,14,5
2023-05-07,33,32,26,22,30,29,14
2023-05-09,5,17,8,4,12,3,6
2023-05-11,27,14,30,7,20,1,15
2023-05-14,26,15,9,10,5,6,12
2023-05-16,20,4,3,32,27,23,13
2023-05-18,15,23,18,33,8,14,8
2023-05-21,5,32,24,2,17,10,3
2023-05-23,17,10,30,22,33,26,11
2023-05-25,13,22,32,2,27,6,6
2023-05-28,9,30,19,31,11,17,11
2023-05-30,22,12,1,6,11,4,15
2023-06-01,23,19,33,26,11,24,15
2023-06-04,4,17,20,22,8,27,13
2023-06-06,1,11,12,16,18,7,4
2023-06-08,20,33,2,26,17,14,14
2023-06-11,8,31,7,26,10,2,6
2023-06-13,19,1,28,12,3,32,14
2023-06-15,15,33,12,18,29,11,2
2023-06-18,26,17,20,21,14,12,2
2023-06-20,32,31,3,25,33,5,4
2023-06-22,24,15,12,19,5,26,6
2023-06-25,2,10,24,33,6,25,9
2023-06-27,16,15,32,1,25,3,10
2023-06-29,18,19,8,2,21,9,3
2023-07-02,30,15,24,13,28,31,1
2023-07-04,3,15,18,4,22,19,9
2023-07-06,9,26,27,7,22,14,1
2023-07-09,8,19,30,14,6,31,8
2023-07-11,22,9,6,21,5,12,7
2023-07-13,31,4,2,25,1,9,8
2023-07-16,11,31,15,1,16,22,15
2023-07-18,30,24,4,18,27,19,16
2023-07-20,10,12,30,16,7,17,12
2023-07-23,13,19,9,14,17,27,3
2023-07-25,23,24,18,31,33,11,13
2023-07-27,26,9,10,32,8,22,12
2023-07-30,2,33,15,9,17,28,1
2023-08-01,18,1,14,33,26,31,5
2023-08-03,13,27,31,28,8,15,11
2023-08-06,26,30,1,9,31,2,7
2023-08-08,32,26,20,30,22,16,16
2023-08-10,24,12,33,3,32,25,13
2023-08-13,32,25,21,10,24,27,7
2023-08-15,30,6,12,14,10,31,12
2023-08-17,8,16,22,17,3,26,11
2023-08-20,26,32,8,18,11,31,15
2023-08-22,1,19,29,14,9,30,15
2023-08-24,14,11,10,27,2,21,11
2023-08-27,9,33,19,11,27,14,5
2023-08-29,12,15,5,23,6,25,4
2023-08-31,1,18,15,5,9,26,4
2023-09-03,21,10,9,28,1,13,10
2023-09-05,6,5,13,25,29,24,15
2023-09-07,30,23,25,19,31,10,12
2023-09-10,1,30,32,5,3,26,16
2023-09-12,24,9,10,7,20,22,7
2023-09-14,7,33,29,18,25,3,14
2023-09-17,6,3,24,18,8,1,9
2023-09-19,6,16,28,13,8,10,13
2023-09-21,33,25,6,20,29,2,16
2023-09-24,5,6,17,33,20,12,9
2023-09-26,31,22,13,9,12,24,4
2023-09-28,25,27,2,18,1,13,3
2023-10-05,9,16,17,15,7,26,9
2023-10-08,26,16,7,21,2,27,16
2023-10-10,2,24,9,27,8,13,12
2023-10-12,14,17,11,2,18,28,8
2023-10-15,11,19,25,2,1,29,4
2023-10-17,3,2,19,21,1,28,15
2023-10-19,3,27,24,13,29,8,8
2023-10-22,31,16,12,25,2,30,12
2023-10-24,20,7,30,8,14,18,5
2023-10-26,29,10,15,32,13,22,15
2023-10-29,25,3,2,30,17,18,11
2023-10-31,15,14,27,30,33,11,4
2023-11-02,10,26,31,28,29,24,16
2023-11-05,3,22,32,19,26,8,14
2023-11-07,7,27,16,20,21,33,1
2023-11-09,12,17,9,8,33,32,4
2023-11-12,32,10,17,23,22,4,16
2023-11-14,20,14,26,6,32,7,1
2023-11-16,9,25,27,11,15,3,1
2023-11-19,5,14,22,25,10,4,3
2023-11-21,22,8,33,17,5,9,4
2023-11-23,11,28,30,5,6,13,7
2023-11-26,10,5,22,3,21,26,10
2023-11-28,17,19,12,27,3,23,11
2023-11-30,31,33,30,22,28,3,4
2023-12-03,27,12,14,31,19,21,11
2023-12-05,30,4,14,11,31,3,5
2023-12-07,12,21,1,11,23,8,3
2023-12-10,33,2,27,8,20,21,14
2023-12-12,23,9,7,16,5,30,15
2023-12-14,17,12,27,25,16,22,8
2023-12-17,10,24,23,7,22,21,11
2023-12-19,11,6,32,3,20,2,9
2023-12-21,16,6,14,32,5,19,12
2023-12-24,20,9,3,19,5,7,8
2023-12-26,33,26,24,19,10,2,15
2023-12-28,10,17,30,25,33,26,5
2023-12-31,27,15,16,1,20,25,5
2024-01-02,32,7,3,26,27,16,16
2024-01-04,9,17,19,10,4,20,9
2024-01-07,1,8,33,13,32,5,3
2024-01-09,21,27,17,13,9,18,4
2024-01-11,25,6,5,32,23,20,3
2024-01-14,21,18,26,20,32,7,5
2024-01-16,20,6,22,4,5,7,15
2024-01-18,21,20,8,23,30,27,13
2024-01-21,23,10,7,17,4,1,14
2024-01-23,24,16,20,21,11,23,4
2024-01-25,27,8,12,31,16,20,6
2024-01-28,7,3,22,1,18,28,15
2024-01-30,25,10,7,14,21,1,7
2024-02-01,10,24,22,25,2,1,13
2024-02-04,20,17,8,3,30,18,15
2024-02-06,32,7,33,12,20,24,4
2024-02-18,32,4,19,17,25,20,4
2024-02-20,17,6,28,15,24,29,16
2024-02-22,12,11,20,5,17,16,8
2024-02-25,17,12,3,14,33,8,8
2024-02-27,17,23,24,4,16,6,11
2024-02-29,9,26,18,14,11,2,6
2024-03-03,10,1,25,32,28,22,10
2024-03-05,26,7,24,21,3,30,10
2024-03-07,25,8,33,15,22,21,13
2024-03-10,7,20,25,18,19,4,6
2024-03-12,2,32,13,27,28,6,13
2024-03-14,19,3,18,11,7,8,5
2024-03-17,25,33,28,23,18,12,4
2024-03-19,22,25,33,29,8,1,10
2024-03-21,10,30,13,32,25,9,2
2024-03-24,1,4,12,3,21,11,16
2024-03-26,18,6,20,10,32,11,5
2024-03-28,12,2,31,9,19,21,4
2024-03-31,5,22,17,14,32,7,6
2024-04-02,8,31,9,2,21,12,2
2024-04-04,14,12,6,5,1,4,13
2024-04-07,27,8,31,23,10,18,2
2024-04-09,29,6,2,31,12,30,10
2024-04-11,14,18,26,11,23,19,2
2024-04-14,33,2,9,22,12,25,16
2024-04-16,2,26,32,5,14,4,14
2024-04-18,4,24,15,6,7,14,8
2024-04-21,2,33,32,17,25,6,6
2024-04-23,8,23,24,19,2,26,3
2024-04-25,6,2,10,17,11,29,15
2024-04-28,7,8,29,21,26,30,15
2024-04-30,19,28,15,2,9,26,2
2024-05-02,15,32,17,26,12,23,11
2024-05-05,33,1,10,3,22,7,2
2024-05-07,28,23,20,5,9,13,6
2024-05-09,17,11,15,10,7,21,3
2024-05-12,28,33,7,22,14,21,7
2024-05-14,20,32,25,13,31,8,3
2024-05-16,16,7,29,4,6,2,3
2024-05-19,25,26,24,20,5,18,6
2024-05-21,31,18,23,17,3,8,8
2024-05-23,27,29,17,12,8,13,13
2024-05-26,33,3,31,14,25,1,7
2024-05-28,1,10,22,28,6,2,15
2024-05-30,25,9,18,28,22,1,2
2024-06-02,10,7,18,27,1,16,16
2024-06-04,28,23,16,14,32,7,4
2024-06-06,30,8,18,6,17,28,5
2024-06-09,19,3,10,9,22,5,14
2024-06-11,12,32,8,9,26,22,13
2024-06-13,11,1,17,13,29,25,3
2024-06-16,7,19,21,20,1,2,1
2024-06-18,24,13,20,6,32,21,6
2024-06-20,13,18,4,28,22,20,5
2024-06-23,2,28,19,31,8,30,14
2024-06-25,21,27,14,20,23,1,6
2024-06-27,30,3,28,9,18,12,1
2024-06-30,32,7,10,24,8,22,7
2024-07-02,8,5,3,18,28,22,1
2024-07-04,29,27,24,22,32,3,15
2024-07-07,14,1,6,17,22,4,8
2024-07-09,26,14,5,9,22,21,12
2024-07-11,26,7,16,3,2,6,4
2024-07-14,30,29,27,11,6,12,13
2024-07-16,23,12,6,25,1,17,4
2024-07-18,13,17,16,1,29,2,16
2024-07-21,32,14,9,33,29,3,15
2024-07-23,8,1,29,13,10,19,13
2024-07-25,27,21,23,1,15,5,15
2024-07-28,19,20,25,17,23,31,2
2024-07-30,18,9,19,3,26,20,11
2024-08-01,17,30,10,32,3,8,10
2024-08-04,9,6,15,18,31,3,1
2024-08-06,11,32,24,17,7,31,12
2024-08-08,15,16,13,19,20,24,10
2024-08-11,8,29,12,11,18,3,5
2024-08-13,5,11,1,12,15,7,12
2024-08-15,6,17,25,27,22,13,9
2024-08-18,6,9,21,4,14,16,3
2024-08-20,14,4,23,2,27,18,13
2024-08-22,4,18,13,30,10,12,3
2024-08-25,3,30,31,8,20,10,2
2024-08-27,17,27,4,12,24,26,16
2024-08-29,27,30,20,19,14,13,5
2024-09-01,8,15,30,19,17,12,8
2024-09-03,21,9,22,15,25,18,1
2024-09-05,33,32,23,27,21,12,15
2024-09-08,24,5,16,23,29,26,4
2024-09-10,17,19,2,5,33,29,4
2024-09-12,3,8,31,22,11,33,4
2024-09-15,1,17,6,19,13,8,9
2024-09-17,30,23,1,9,24,8,8
2024-09-19,29,4,28,3,33,24,9
2024-09-22,17,33,23,13,4,25,14
2024-09-24,22,12,4,30,1,11,16
2024-09-26,25,32,29,16,11,8,3
2024-09-29,24,31,26,23,4,5,11
2024-10-06,32,27,18,7,11,24,4
2024-10-08,3,10,27,11,19,28,7
2024-10-10,31,22,20,32,1,15,3
2024-10-13,3,12,29,14,32,16,12
2024-10-15,11,15,6,3,4,2,14
2024-10-17,9,26,2,32,27,31,14
2024-10-20,7,18,11,19,1,5,7
2024-10-22,33,1,27,10,7,13,3
2024-10-24,7,9,16,17,5,29,15
2024-10-27,22,15,26,33,2,30,4
2024-10-29,30,17,25,14,2,15,11
2024-10-31,18,4,30,1,13,26,3
2024-11-03,33,23,18,14,24,26,10
2024-11-05,27,2,5,32,20,13,10
2024-11-07,13,1,18,26,8,20,16
2024-11-10,32,24,9,19,10,13,1
2024-11-12,1,12,8,19,17,24,16
2024-11-14,32,4,11,5,20,15,13
2024-11-17,25,27,33,1,28,4,3
2024-11-19,1,33,27,15,30,11,1
2024-11-21,20,4,18,13,2,16,16
2024-11-24,11,18,5,17,30,31,13
2024-11-26,25,26,11,21,15,3,3
2024-11-28,19,4,10,27,9,26,12
2024-12-01,21,2,28,7,27,11,2
2024-12-03,23,22,20,29,16,15,14
2024-12-05,7,22,26,8,4,17,15
2024-12-08,15,1,7,24,2,29,12
2024-12-10,21,13,4,22,6,25,6
2024-12-12,30,2,5,33,22,11,10
2024-12-15,17,30,20,2,11,9,11
2024-12-17,1,3,22,30,16,23,3
2024-12-19,11,2,32,22,4,27,10
2024-12-22,30,5,11,21,13,16,10
2024-12-24,15,6,23,21,16,2,11
2024-12-26,18,3,16,17,22,9,16
2024-12-29,32,20,22,14,13,26,2
2024-12-31,10,29,19,16,32,5,4
2025-01-02,22,18,2,33,3,17,16
2025-01-05,22,15,9,12,26,13,11
2025-01-07,28,29,19,20,26,10,15
2025-01-09,32,7,17,3,29,27,4
2025-01-12,10,19,16,27,28,30,9
2025-01-14,7,1,8,20,22,17,6
2025-01-16,18,21,27,14,7,8,11
2025-01-19,17,33,14,9,16,25,11
2025-01-21,12,11,4,23,25,2,6
2025-01-23,17,16,7,6,4,21,8
2025-01-26,17,22,29,24,6,13,11
2025-02-06,11,31,18,7,27,13,11
2025-02-09,30,23,4,16,14,24,14
2025-02-11,21,13,6,9,27,7,5
2025-02-13,33,4,11,24,25,15,15
2025-02-16,2,29,20,12,3,16,14
2025-02-18,15,28,29,12,4,18,5
2025-02-20,21,29,3,18,9,28,11
2025-02-23,18,22,5,13,23,17,11
2025-02-25,11,4,30,16,26,13,15
2025-02-27,32,25,18,16,7,8,14
2025-03-02,28,20,30,11,17,18,10
2025-03-04,33,24,12,13,9,25,7
2025-03-06,22,32,10,11,30,27,15
2025-03-09,30,25,23,12,21,15,2
2025-03-11,19,9,14,12,32,10,7
2025-03-13,16,8,23,5,7,15,6
2025-03-16,18,15,4,14,9,25,15
2025-03-18,15,30,5,33,25,16,16
2025-03-20,6,7,30,31,4,33,6
2025-03-23,23,1,6,5,28,8,1
2025-03-25,3,21,14,16,10,8,3
2025-03-27,33,25,3,18,26,5,8
2025-03-30,26,24,13,8,14,5,12
2025-04-01,16,1,25,18,31,8,1
2025-04-03,5,13,19,32,11,16,7
2025-04-06,31,20,21,11,3,6,2
2025-04-08,26,20,6,33,23,19,9
2025-04-10,10,17,8,12,23,15,11
2025-04-13,10,24,9,8,6,2,11
2025-04-15,6,31,25,10,19,17,6
2025-04-17,7,33,13,19,27,23,12
2025-04-20,3,19,16,32,20,12,13
2025-04-22,3,14,28,8,7,2,11
2025-04-24,14,33,19,29,24,2,13
2025-04-27,33,2,3,16,29,10,1
2025-04-29,14,22,31,23,1,21,12
2025-05-01,21,27,22,31,16,23,10
2025-05-04,33,6,19,29,3,27,11
2025-05-06,15,33,22,18,9,12,16
2025-05-08,22,2,4,17,3,1,1
2025-05-11,26,7,6,10,17,20,9
2025-05-13,6,33,30,10,9,13,7
2025-05-15,7,24,27,21,10,5,16
2025-05-18,22,33,5,27,29,2,12
2025-05-20,28,14,2,31,1,10,3
2025-05-22,30,25,16,6,15,4,14
2025-05-25,7,9,2,6,20,10,6
2025-05-27,11,24,12,13,10,4,1
2025-05-29,25,6,28,30,14,18,1
2025-06-01,10,32,9,7,11,6,9
2025-06-03,8,25,9,31,13,6,14
2025-06-05,2,21,28,30,19,22,1
2025-06-08,22,33,29,2,10,13,16
2025-06-10,6,20,14,13,15,10,11
2025-06-12,6,27,24,30,28,22,4
2025-06-15,17,10,5,22,20,1,5
2025-06-17,7,8,19,31,20,5,7
2025-06-19,4,27,30,23,19,2,5
2025-06-22,2,33,22,21,3,15,6
2025-06-24,12,18,28,23,1,25,7
2025-06-26,27,17,2,29,25,14,5
2025-06-29,2,7,30,33,27,10,11
2025-07-01,33,12,32,20,4,3,13
2025-07-03,12,14,19,10,21,20,15
2025-07-06,12,6,9,30,2,14,8
2025-07-08,7,21,15,4,20,8,15
2025-07-10,17,15,30,6,32,33,14
2025-07-13,11,15,8,30,32,14,5
2025-07-15,3,7,8,10,16,19,5
2025-07-17,6,28,20,18,23,3,5
2025-07-20,4,14,9,32,6,33,11
2025-07-22,15,10,29,16,27,17,12
2025-07-24,33,6,14,10,8,24,15
2025-07-27,18,14,15,21,11,24,13
2025-07-29,2,24,6,10,8,17,6
2025-07-31,15,14,26,2,24,6,8
2025-08-03,25,21,1,3,13,18,6
2025-08-05,33,31,18,6,4,8,5
2025-08-07,6,21,11,12,27,28,15
2025-08-10,27,3,25,17,4,19,14
2025-08-12,23,11,24,2,17,14,12
2025-08-14,24,25,12,26,11,9,10
2025-08-17,11,13,19,29,23,17,16
2025-08-19,23,16,15,32,26,22,4
2025-08-21,16,29,9,12,11,7,15
2025-08-24,26,31,3,16,5,23,14
2025-08-26,13,17,29,5,18,8,2
2025-08-26,13,17,29,5,18,8,2
2025-08-28,15,17,9,11,22,26,14
2025-08-31,17,16,25,30,12,31,16
2025-09-02,10,21,8,9,16,5,5
2025-09-04,16,9,17,4,31,18,7
2025-09-07,28,25,21,13,16,31,16
2025-09-09,2,15,16,5,32,24,16
2025-09-11,26,18,24,4,7,28,8
2025-09-14,22,5,26,17,4,30,4
2025-09-16,33,2,25,15,10,3,13
2025-09-18,22,33,14,1,17,9,7
2025-09-21,31,18,6,5,17,9,3
2025-09-23,14,1,16,11,5,19,8
2025-09-25,28,31,18,9,14,33,12
2025-09-28,32,11,20,3,13,9,2
2025-09-30,31,8,13,15,10,24,16
2025-10-05,26,27,21,1,25,20,10
2025-10-07,30,3,2,24,19,8,2
2025-10-09,24,28,8,2,31,4,9
2025-10-12,20,25,33,8,17,6,10
2025-10-14,1,10,11,16,26,24,3
2025-10-16,6,26,23,32,28,9,11
2025-10-19,32,13,7,4,1,2,7
2025-10-21,25,8,29,6,30,10,8
2025-10-23,20,19,25,16,31,18,13
2025-10-26,24,7,26,9,23,25,10
2025-10-28,1,19,21,33,2,18,13
2025-10-30,3,13,32,26,9,12,9
2025-11-02,16,2,19,12,13,25,10
2025-11-04,19,3,28,17,15,9,3
2025-11-06,18,19,24,2,27,10,1
2025-11-09,30,7,13,20,3,4,3
2025-11-11,14,01,5,8,19,23,6
2025-11-13,24,3,18,14,13,31,3
2025-11-16,4,21,10,8,23,32,11
2025-11-18,20,33,17,14,5,19,7
2025-11-20,13,26,3,9,5,29,12
2025-11-23,5,32,1,9,2,25,10
2025-11-25,14,32,23,10,8,28,12
2025-11-27,8,23,2,27,11,29,5
2025-11-30,27,24,10,23,13,14,15
2025-12-02,33,17,30,5,2,22,6
2025-12-04,4,3,12,24,1,18,5
2025-12-07,12,4,10,13,5,2,6
2025-12-09,27,13,23,2,15,31,16
2025-12-11,15,13,2,24,9,12,3
2025-12-14,20,15,1,33,8,26,13
2025-12-16,12,11,15,25,32,18,14
2025-12-18,7,12,28,5,24,26,2
2025-12-21,1,3,8,5,33,22,8
2025-12-23,9,3,4,15,10,22,16
2025-12-25,1,6,30,4,22,2,10
2025-12-28,17,31,13,19,24,6,8
2025-12-30,28,8,22,9,14,30,4
2026-01-01,33,13,6,12,11,2,15
2026-01-04,5,18,7,30,1,32,2
2026-01-06,21,5,9,6,30,28,16
2026-01-08,9,32,18,3,7,8,10
2026-01-11,20,27,30,22,33,1,10
2026-01-13,22,23,2,28,6,24,15
2026-01-15,30,27,29,13,9,19,1
2026-01-18,9,27,33,16,6,31,10
2026-01-20,23,13,19,25,3,6,10
2026-01-22,26,19,15,9,10,4,12
2026-01-25,3,32,2,4,31,20,4
2026-01-27,20,5,3,16,7,24,8
2026-01-29,13,16,20,12,9,4,1
2026-02-01,22,26,19,7,32,13,1
2026-02-03,7,22,27,13,10,31,12
2026-02-05,10,9,4,27,5,30,13
2026-02-08,5,29,1,3,18,32,4
2026-02-10,22,11,17,30,15,25,7
2026-02-12,17,8,18,16,30,7,1
2026-02-24,13,24,1,30,21,14,2
2026-02-26,30,26,13,31,25,3,4
2026-03-01,32,15,28,23,25,18,11
2026-03-03,3,8,29,1,10,23,6
2026-03-05,21,2,13,29,1,23,14
2026-03-08,24,23,15,2,20,3,10
2026-03-10,02,25,09,29,16,22,3
2026-03-12,13,17,02,25,18,26,13
2026-03-15,02,09,17,25,06,28,15
2026-03-17,06,22,23,28,31,19,5
2026-03-19,14,10,19,24,11,22,4
2026-03-22,13,10,33,12,18,03,8
2026-03-24,33,01,18,11,31,03,2
2026-03-26,06,29,13,28,03,21,6
2026-03-29,03,23,13,01,07,22,7
2026-03-31,12,06,25,02,24,32,2
2026-04-02,06,22,12,10,15,28,8
2026-04-05,22,31,33,11,29,27,12